product_id,image_path
14592,D:\Preet\Others\Projects\sem5project\Cartify\Cartify\ml-service\cnn\..\data\images\14592.jpg
6214,D:\Preet\Others\Projects\sem5project\Cartify\Cartify\ml-service\cnn\..\data\images\6214.jpg
13817,D:\Preet\Others\Projects\sem5project\Cartify\Cartify\ml-service\cnn\..\data\images\13817.jpg
14516,D:\Preet\Others\Projects\sem5project\Cartify\Cartify\ml-service\cnn\..\data\images\14516.jpg
16638,D:\Preet\Others\Projects\sem5project\Cartify\Cartify\ml-service\cnn\..\data\images\16638.jpg
17753,D:\Preet\Others\Projects\sem5project\Cartify\Cartify\ml-service\cnn\..\data\images\17753.jpg
8276,D:\Preet\Others\Projects\sem5project\Cartify\Cartify\ml-service\cnn\..\data\images\8276.jpg
107,D:\Preet\Others\Projects\sem5project\Cartify\Cartify\ml-service\cnn\..\data\images\107.jpg
14396,D:\Preet\Others\Projects\sem5project\Cartify\Cartify\ml-service\cnn\..\data\images\14396.jpg
11165,D:\Preet\Others\Projects\sem5project\Cartify\Cartify\ml-service\cnn\..\data\images\11165.jpg
10882,D:\Preet\Others\Projects\sem5project\Cartify\Cartify\ml-service\cnn\..\data\images\10882.jpg
50,D:\Preet\Others\Projects\sem5project\Cartify\Cartify\ml-service\cnn\..\data\images\50.jpg
11311,D:\Preet\Others\Projects\sem5project\Cartify\Cartify\ml-service\cnn\..\data\images\11311.jpg
7746,D:\Preet\Others\Projects\sem5project\Cartify\Cartify\ml-service\cnn\..\data\images\7746.jpg
10576,D:\Preet\Others\Projects\sem5project\Cartify\Cartify\ml-service\cnn\..\data\images\10576.jpg
6141,D:\Preet\Others\Projects\sem5project\Cartify\Cartify\ml-service\cnn\..\data\images\6141.jpg
189,D:\Preet\Others\Projects\sem5project\Cartify\Cartify\ml-service\cnn\..\data\images\189.jpg
6489,D:\Preet\Others\Projects\sem5project\Cartify\Cartify\ml-service\cnn\..\data\images\6489.jpg
11417,D:\Preet\Others\Projects\sem5project\Cartify\Cartify\ml-service\cnn\..\data\images\11417.jpg
15200,D:\Preet\Others\Projects\sem5project\Cartify\Cartify\ml-service\cnn\..\data\images\15200.jpg
8242,D:\Preet\Others\Projects\sem5project\Cartify\Cartify\ml-service\cnn\..\data\images\8242.jpg
11045,D:\Preet\Others\Projects\sem5project\Cartify\Cartify\ml-service\cnn\..\data\images\11045.jpg
11515,D:\Preet\Others\Projects\sem5project\Cartify\Cartify\ml-service\cnn\..\data\images\11515.jpg
14532,D:\Preet\Others\Projects\sem5project\Cartify\Cartify\ml-service\cnn\..\data\images\14532.jpg
16100,D:\Preet\Others\Projects\sem5project\Cartify\Cartify\ml-service\cnn\..\data\images\16100.jpg
11610,D:\Preet\Others\Projects\sem5project\Cartify\Cartify\ml-service\cnn\..\data\images\11610.jpg
4236,D:\Preet\Others\Projects\sem5project\Cartify\Cartify\ml-service\cnn\..\data\images\4236.jpg
7045,D:\Preet\Others\Projects\sem5project\Cartify\Cartify\ml-service\cnn\..\data\images\7045.jpg
17374,D:\Preet\Others\Projects\sem5project\Cartify\Cartify\ml-service\cnn\..\data\images\17374.jpg
12867,D:\Preet\Others\Projects\sem5project\Cartify\Cartify\ml-service\cnn\..\data\images\12867.jpg
10721,D:\Preet\Others\Projects\sem5project\Cartify\Cartify\ml-service\cnn\..\data\images\10721.jpg
15572,D:\Preet\Others\Projects\sem5project\Cartify\Cartify\ml-service\cnn\..\data\images\15572.jpg
5102,D:\Preet\Others\Projects\sem5project\Cartify\Cartify\ml-service\cnn\..\data\images\5102.jpg
4084,D:\Preet\Others\Projects\sem5project\Cartify\Cartify\ml-service\cnn\..\data\images\4084.jpg
977,D:\Preet\Others\Projects\sem5project\Cartify\Cartify\ml-service\cnn\..\data\images\977.jpg
238,D:\Preet\Others\Projects\sem5project\Cartify\Cartify\ml-service\cnn\..\data\images\238.jpg
14698,D:\Preet\Others\Projects\sem5project\Cartify\Cartify\ml-service\cnn\..\data\images\14698.jpg
8444,D:\Preet\Others\Projects\sem5project\Cartify\Cartify\ml-service\cnn\..\data\images\8444.jpg
9960,D:\Preet\Others\Projects\sem5project\Cartify\Cartify\ml-service\cnn\..\data\images\9960.jpg
6855,D:\Preet\Others\Projects\sem5project\Cartify\Cartify\ml-service\cnn\..\data\images\6855.jpg
13476,D:\Preet\Others\Projects\sem5project\Cartify\Cartify\ml-service\cnn\..\data\images\13476.jpg
4170,D:\Preet\Others\Projects\sem5project\Cartify\Cartify\ml-service\cnn\..\data\images\4170.jpg
16319,D:\Preet\Others\Projects\sem5project\Cartify\Cartify\ml-service\cnn\..\data\images\16319.jpg
15484,D:\Preet\Others\Projects\sem5project\Cartify\Cartify\ml-service\cnn\..\data\images\15484.jpg
16172,D:\Preet\Others\Projects\sem5project\Cartify\Cartify\ml-service\cnn\..\data\images\16172.jpg
7166,D:\Preet\Others\Projects\sem5project\Cartify\Cartify\ml-service\cnn\..\data\images\7166.jpg
15809,D:\Preet\Others\Projects\sem5project\Cartify\Cartify\ml-service\cnn\..\data\images\15809.jpg
14781,D:\Preet\Others\Projects\sem5project\Cartify\Cartify\ml-service\cnn\..\data\images\14781.jpg
14732,D:\Preet\Others\Projects\sem5project\Cartify\Cartify\ml-service\cnn\..\data\images\14732.jpg
13736,D:\Preet\Others\Projects\sem5project\Cartify\Cartify\ml-service\cnn\..\data\images\13736.jpg
12339,D:\Preet\Others\Projects\sem5project\Cartify\Cartify\ml-service\cnn\..\data\images\12339.jpg
11436,D:\Preet\Others\Projects\sem5project\Cartify\Cartify\ml-service\cnn\..\data\images\11436.jpg
11118,D:\Preet\Others\Projects\sem5project\Cartify\Cartify\ml-service\cnn\..\data\images\11118.jpg
11818,D:\Preet\Others\Projects\sem5project\Cartify\Cartify\ml-service\cnn\..\data\images\11818.jpg
9299,D:\Preet\Others\Projects\sem5project\Cartify\Cartify\ml-service\cnn\..\data\images\9299.jpg
5492,D:\Preet\Others\Projects\sem5project\Cartify\Cartify\ml-service\cnn\..\data\images\5492.jpg
4314,D:\Preet\Others\Projects\sem5project\Cartify\Cartify\ml-service\cnn\..\data\images\4314.jpg
4101,D:\Preet\Others\Projects\sem5project\Cartify\Cartify\ml-service\cnn\..\data\images\4101.jpg
4090,D:\Preet\Others\Projects\sem5project\Cartify\Cartify\ml-service\cnn\..\data\images\4090.jpg
3747,D:\Preet\Others\Projects\sem5project\Cartify\Cartify\ml-service\cnn\..\data\images\3747.jpg
2499,D:\Preet\Others\Projects\sem5project\Cartify\Cartify\ml-service\cnn\..\data\images\2499.jpg
4800,D:\Preet\Others\Projects\sem5project\Cartify\Cartify\ml-service\cnn\..\data\images\4800.jpg
13678,D:\Preet\Others\Projects\sem5project\Cartify\Cartify\ml-service\cnn\..\data\images\13678.jpg
16243,D:\Preet\Others\Projects\sem5project\Cartify\Cartify\ml-service\cnn\..\data\images\16243.jpg
6605,D:\Preet\Others\Projects\sem5project\Cartify\Cartify\ml-service\cnn\..\data\images\6605.jpg
15709,D:\Preet\Others\Projects\sem5project\Cartify\Cartify\ml-service\cnn\..\data\images\15709.jpg
6167,D:\Preet\Others\Projects\sem5project\Cartify\Cartify\ml-service\cnn\..\data\images\6167.jpg
14847,D:\Preet\Others\Projects\sem5project\Cartify\Cartify\ml-service\cnn\..\data\images\14847.jpg
9094,D:\Preet\Others\Projects\sem5project\Cartify\Cartify\ml-service\cnn\..\data\images\9094.jpg
2845,D:\Preet\Others\Projects\sem5project\Cartify\Cartify\ml-service\cnn\..\data\images\2845.jpg
6508,D:\Preet\Others\Projects\sem5project\Cartify\Cartify\ml-service\cnn\..\data\images\6508.jpg
14277,D:\Preet\Others\Projects\sem5project\Cartify\Cartify\ml-service\cnn\..\data\images\14277.jpg
10297,D:\Preet\Others\Projects\sem5project\Cartify\Cartify\ml-service\cnn\..\data\images\10297.jpg
11536,D:\Preet\Others\Projects\sem5project\Cartify\Cartify\ml-service\cnn\..\data\images\11536.jpg
17457,D:\Preet\Others\Projects\sem5project\Cartify\Cartify\ml-service\cnn\..\data\images\17457.jpg
4609,D:\Preet\Others\Projects\sem5project\Cartify\Cartify\ml-service\cnn\..\data\images\4609.jpg
7016,D:\Preet\Others\Projects\sem5project\Cartify\Cartify\ml-service\cnn\..\data\images\7016.jpg
2017,D:\Preet\Others\Projects\sem5project\Cartify\Cartify\ml-service\cnn\..\data\images\2017.jpg
14905,D:\Preet\Others\Projects\sem5project\Cartify\Cartify\ml-service\cnn\..\data\images\14905.jpg
17352,D:\Preet\Others\Projects\sem5project\Cartify\Cartify\ml-service\cnn\..\data\images\17352.jpg
17696,D:\Preet\Others\Projects\sem5project\Cartify\Cartify\ml-service\cnn\..\data\images\17696.jpg
10433,D:\Preet\Others\Projects\sem5project\Cartify\Cartify\ml-service\cnn\..\data\images\10433.jpg
6409,D:\Preet\Others\Projects\sem5project\Cartify\Cartify\ml-service\cnn\..\data\images\6409.jpg
14173,D:\Preet\Others\Projects\sem5project\Cartify\Cartify\ml-service\cnn\..\data\images\14173.jpg
5487,D:\Preet\Others\Projects\sem5project\Cartify\Cartify\ml-service\cnn\..\data\images\5487.jpg
17419,D:\Preet\Others\Projects\sem5project\Cartify\Cartify\ml-service\cnn\..\data\images\17419.jpg
4054,D:\Preet\Others\Projects\sem5project\Cartify\Cartify\ml-service\cnn\..\data\images\4054.jpg
12315,D:\Preet\Others\Projects\sem5project\Cartify\Cartify\ml-service\cnn\..\data\images\12315.jpg
15327,D:\Preet\Others\Projects\sem5project\Cartify\Cartify\ml-service\cnn\..\data\images\15327.jpg
5446,D:\Preet\Others\Projects\sem5project\Cartify\Cartify\ml-service\cnn\..\data\images\5446.jpg
14900,D:\Preet\Others\Projects\sem5project\Cartify\Cartify\ml-service\cnn\..\data\images\14900.jpg
11327,D:\Preet\Others\Projects\sem5project\Cartify\Cartify\ml-service\cnn\..\data\images\11327.jpg
3900,D:\Preet\Others\Projects\sem5project\Cartify\Cartify\ml-service\cnn\..\data\images\3900.jpg
235,D:\Preet\Others\Projects\sem5project\Cartify\Cartify\ml-service\cnn\..\data\images\235.jpg
13324,D:\Preet\Others\Projects\sem5project\Cartify\Cartify\ml-service\cnn\..\data\images\13324.jpg
12056,D:\Preet\Others\Projects\sem5project\Cartify\Cartify\ml-service\cnn\..\data\images\12056.jpg
9032,D:\Preet\Others\Projects\sem5project\Cartify\Cartify\ml-service\cnn\..\data\images\9032.jpg
2995,D:\Preet\Others\Projects\sem5project\Cartify\Cartify\ml-service\cnn\..\data\images\2995.jpg
11323,D:\Preet\Others\Projects\sem5project\Cartify\Cartify\ml-service\cnn\..\data\images\11323.jpg
1725,D:\Preet\Others\Projects\sem5project\Cartify\Cartify\ml-service\cnn\..\data\images\1725.jpg
11159,D:\Preet\Others\Projects\sem5project\Cartify\Cartify\ml-service\cnn\..\data\images\11159.jpg
14291,D:\Preet\Others\Projects\sem5project\Cartify\Cartify\ml-service\cnn\..\data\images\14291.jpg
9170,D:\Preet\Others\Projects\sem5project\Cartify\Cartify\ml-service\cnn\..\data\images\9170.jpg
1227,D:\Preet\Others\Projects\sem5project\Cartify\Cartify\ml-service\cnn\..\data\images\1227.jpg
11605,D:\Preet\Others\Projects\sem5project\Cartify\Cartify\ml-service\cnn\..\data\images\11605.jpg
16869,D:\Preet\Others\Projects\sem5project\Cartify\Cartify\ml-service\cnn\..\data\images\16869.jpg
16506,D:\Preet\Others\Projects\sem5project\Cartify\Cartify\ml-service\cnn\..\data\images\16506.jpg
16246,D:\Preet\Others\Projects\sem5project\Cartify\Cartify\ml-service\cnn\..\data\images\16246.jpg
15461,D:\Preet\Others\Projects\sem5project\Cartify\Cartify\ml-service\cnn\..\data\images\15461.jpg
10348,D:\Preet\Others\Projects\sem5project\Cartify\Cartify\ml-service\cnn\..\data\images\10348.jpg
5386,D:\Preet\Others\Projects\sem5project\Cartify\Cartify\ml-service\cnn\..\data\images\5386.jpg
15420,D:\Preet\Others\Projects\sem5project\Cartify\Cartify\ml-service\cnn\..\data\images\15420.jpg
15889,D:\Preet\Others\Projects\sem5project\Cartify\Cartify\ml-service\cnn\..\data\images\15889.jpg
6519,D:\Preet\Others\Projects\sem5project\Cartify\Cartify\ml-service\cnn\..\data\images\6519.jpg
1129,D:\Preet\Others\Projects\sem5project\Cartify\Cartify\ml-service\cnn\..\data\images\1129.jpg
12456,D:\Preet\Others\Projects\sem5project\Cartify\Cartify\ml-service\cnn\..\data\images\12456.jpg
14980,D:\Preet\Others\Projects\sem5project\Cartify\Cartify\ml-service\cnn\..\data\images\14980.jpg
2817,D:\Preet\Others\Projects\sem5project\Cartify\Cartify\ml-service\cnn\..\data\images\2817.jpg
4659,D:\Preet\Others\Projects\sem5project\Cartify\Cartify\ml-service\cnn\..\data\images\4659.jpg
15217,D:\Preet\Others\Projects\sem5project\Cartify\Cartify\ml-service\cnn\..\data\images\15217.jpg
10665,D:\Preet\Others\Projects\sem5project\Cartify\Cartify\ml-service\cnn\..\data\images\10665.jpg
17877,D:\Preet\Others\Projects\sem5project\Cartify\Cartify\ml-service\cnn\..\data\images\17877.jpg
9703,D:\Preet\Others\Projects\sem5project\Cartify\Cartify\ml-service\cnn\..\data\images\9703.jpg
16782,D:\Preet\Others\Projects\sem5project\Cartify\Cartify\ml-service\cnn\..\data\images\16782.jpg
5318,D:\Preet\Others\Projects\sem5project\Cartify\Cartify\ml-service\cnn\..\data\images\5318.jpg
15805,D:\Preet\Others\Projects\sem5project\Cartify\Cartify\ml-service\cnn\..\data\images\15805.jpg
8427,D:\Preet\Others\Projects\sem5project\Cartify\Cartify\ml-service\cnn\..\data\images\8427.jpg
5270,D:\Preet\Others\Projects\sem5project\Cartify\Cartify\ml-service\cnn\..\data\images\5270.jpg
14217,D:\Preet\Others\Projects\sem5project\Cartify\Cartify\ml-service\cnn\..\data\images\14217.jpg
10013,D:\Preet\Others\Projects\sem5project\Cartify\Cartify\ml-service\cnn\..\data\images\10013.jpg
13196,D:\Preet\Others\Projects\sem5project\Cartify\Cartify\ml-service\cnn\..\data\images\13196.jpg
4950,D:\Preet\Others\Projects\sem5project\Cartify\Cartify\ml-service\cnn\..\data\images\4950.jpg
3999,D:\Preet\Others\Projects\sem5project\Cartify\Cartify\ml-service\cnn\..\data\images\3999.jpg
2058,D:\Preet\Others\Projects\sem5project\Cartify\Cartify\ml-service\cnn\..\data\images\2058.jpg
3702,D:\Preet\Others\Projects\sem5project\Cartify\Cartify\ml-service\cnn\..\data\images\3702.jpg
15511,D:\Preet\Others\Projects\sem5project\Cartify\Cartify\ml-service\cnn\..\data\images\15511.jpg
13423,D:\Preet\Others\Projects\sem5project\Cartify\Cartify\ml-service\cnn\..\data\images\13423.jpg
9624,D:\Preet\Others\Projects\sem5project\Cartify\Cartify\ml-service\cnn\..\data\images\9624.jpg
12341,D:\Preet\Others\Projects\sem5project\Cartify\Cartify\ml-service\cnn\..\data\images\12341.jpg
11966,D:\Preet\Others\Projects\sem5project\Cartify\Cartify\ml-service\cnn\..\data\images\11966.jpg
15577,D:\Preet\Others\Projects\sem5project\Cartify\Cartify\ml-service\cnn\..\data\images\15577.jpg
5350,D:\Preet\Others\Projects\sem5project\Cartify\Cartify\ml-service\cnn\..\data\images\5350.jpg
11936,D:\Preet\Others\Projects\sem5project\Cartify\Cartify\ml-service\cnn\..\data\images\11936.jpg
5311,D:\Preet\Others\Projects\sem5project\Cartify\Cartify\ml-service\cnn\..\data\images\5311.jpg
11476,D:\Preet\Others\Projects\sem5project\Cartify\Cartify\ml-service\cnn\..\data\images\11476.jpg
13671,D:\Preet\Others\Projects\sem5project\Cartify\Cartify\ml-service\cnn\..\data\images\13671.jpg
11040,D:\Preet\Others\Projects\sem5project\Cartify\Cartify\ml-service\cnn\..\data\images\11040.jpg
7718,D:\Preet\Others\Projects\sem5project\Cartify\Cartify\ml-service\cnn\..\data\images\7718.jpg
13669,D:\Preet\Others\Projects\sem5project\Cartify\Cartify\ml-service\cnn\..\data\images\13669.jpg
5164,D:\Preet\Others\Projects\sem5project\Cartify\Cartify\ml-service\cnn\..\data\images\5164.jpg
10336,D:\Preet\Others\Projects\sem5project\Cartify\Cartify\ml-service\cnn\..\data\images\10336.jpg
13483,D:\Preet\Others\Projects\sem5project\Cartify\Cartify\ml-service\cnn\..\data\images\13483.jpg
16771,D:\Preet\Others\Projects\sem5project\Cartify\Cartify\ml-service\cnn\..\data\images\16771.jpg
15510,D:\Preet\Others\Projects\sem5project\Cartify\Cartify\ml-service\cnn\..\data\images\15510.jpg
5095,D:\Preet\Others\Projects\sem5project\Cartify\Cartify\ml-service\cnn\..\data\images\5095.jpg
13444,D:\Preet\Others\Projects\sem5project\Cartify\Cartify\ml-service\cnn\..\data\images\13444.jpg
7105,D:\Preet\Others\Projects\sem5project\Cartify\Cartify\ml-service\cnn\..\data\images\7105.jpg
11899,D:\Preet\Others\Projects\sem5project\Cartify\Cartify\ml-service\cnn\..\data\images\11899.jpg
10977,D:\Preet\Others\Projects\sem5project\Cartify\Cartify\ml-service\cnn\..\data\images\10977.jpg
13391,D:\Preet\Others\Projects\sem5project\Cartify\Cartify\ml-service\cnn\..\data\images\13391.jpg
15439,D:\Preet\Others\Projects\sem5project\Cartify\Cartify\ml-service\cnn\..\data\images\15439.jpg
11383,D:\Preet\Others\Projects\sem5project\Cartify\Cartify\ml-service\cnn\..\data\images\11383.jpg
14465,D:\Preet\Others\Projects\sem5project\Cartify\Cartify\ml-service\cnn\..\data\images\14465.jpg
14906,D:\Preet\Others\Projects\sem5project\Cartify\Cartify\ml-service\cnn\..\data\images\14906.jpg
7191,D:\Preet\Others\Projects\sem5project\Cartify\Cartify\ml-service\cnn\..\data\images\7191.jpg
16919,D:\Preet\Others\Projects\sem5project\Cartify\Cartify\ml-service\cnn\..\data\images\16919.jpg
7182,D:\Preet\Others\Projects\sem5project\Cartify\Cartify\ml-service\cnn\..\data\images\7182.jpg
4477,D:\Preet\Others\Projects\sem5project\Cartify\Cartify\ml-service\cnn\..\data\images\4477.jpg
11504,D:\Preet\Others\Projects\sem5project\Cartify\Cartify\ml-service\cnn\..\data\images\11504.jpg
4092,D:\Preet\Others\Projects\sem5project\Cartify\Cartify\ml-service\cnn\..\data\images\4092.jpg
11897,D:\Preet\Others\Projects\sem5project\Cartify\Cartify\ml-service\cnn\..\data\images\11897.jpg
16795,D:\Preet\Others\Projects\sem5project\Cartify\Cartify\ml-service\cnn\..\data\images\16795.jpg
11873,D:\Preet\Others\Projects\sem5project\Cartify\Cartify\ml-service\cnn\..\data\images\11873.jpg
7136,D:\Preet\Others\Projects\sem5project\Cartify\Cartify\ml-service\cnn\..\data\images\7136.jpg
7082,D:\Preet\Others\Projects\sem5project\Cartify\Cartify\ml-service\cnn\..\data\images\7082.jpg
13043,D:\Preet\Others\Projects\sem5project\Cartify\Cartify\ml-service\cnn\..\data\images\13043.jpg
15493,D:\Preet\Others\Projects\sem5project\Cartify\Cartify\ml-service\cnn\..\data\images\15493.jpg
6334,D:\Preet\Others\Projects\sem5project\Cartify\Cartify\ml-service\cnn\..\data\images\6334.jpg
2983,D:\Preet\Others\Projects\sem5project\Cartify\Cartify\ml-service\cnn\..\data\images\2983.jpg
12799,D:\Preet\Others\Projects\sem5project\Cartify\Cartify\ml-service\cnn\..\data\images\12799.jpg
16401,D:\Preet\Others\Projects\sem5project\Cartify\Cartify\ml-service\cnn\..\data\images\16401.jpg
16867,D:\Preet\Others\Projects\sem5project\Cartify\Cartify\ml-service\cnn\..\data\images\16867.jpg
2944,D:\Preet\Others\Projects\sem5project\Cartify\Cartify\ml-service\cnn\..\data\images\2944.jpg
6186,D:\Preet\Others\Projects\sem5project\Cartify\Cartify\ml-service\cnn\..\data\images\6186.jpg
15885,D:\Preet\Others\Projects\sem5project\Cartify\Cartify\ml-service\cnn\..\data\images\15885.jpg
16588,D:\Preet\Others\Projects\sem5project\Cartify\Cartify\ml-service\cnn\..\data\images\16588.jpg
5931,D:\Preet\Others\Projects\sem5project\Cartify\Cartify\ml-service\cnn\..\data\images\5931.jpg
2581,D:\Preet\Others\Projects\sem5project\Cartify\Cartify\ml-service\cnn\..\data\images\2581.jpg
14332,D:\Preet\Others\Projects\sem5project\Cartify\Cartify\ml-service\cnn\..\data\images\14332.jpg
2534,D:\Preet\Others\Projects\sem5project\Cartify\Cartify\ml-service\cnn\..\data\images\2534.jpg
13810,D:\Preet\Others\Projects\sem5project\Cartify\Cartify\ml-service\cnn\..\data\images\13810.jpg
12394,D:\Preet\Others\Projects\sem5project\Cartify\Cartify\ml-service\cnn\..\data\images\12394.jpg
2391,D:\Preet\Others\Projects\sem5project\Cartify\Cartify\ml-service\cnn\..\data\images\2391.jpg
5566,D:\Preet\Others\Projects\sem5project\Cartify\Cartify\ml-service\cnn\..\data\images\5566.jpg
14568,D:\Preet\Others\Projects\sem5project\Cartify\Cartify\ml-service\cnn\..\data\images\14568.jpg
15686,D:\Preet\Others\Projects\sem5project\Cartify\Cartify\ml-service\cnn\..\data\images\15686.jpg
14681,D:\Preet\Others\Projects\sem5project\Cartify\Cartify\ml-service\cnn\..\data\images\14681.jpg
5527,D:\Preet\Others\Projects\sem5project\Cartify\Cartify\ml-service\cnn\..\data\images\5527.jpg
5514,D:\Preet\Others\Projects\sem5project\Cartify\Cartify\ml-service\cnn\..\data\images\5514.jpg
9573,D:\Preet\Others\Projects\sem5project\Cartify\Cartify\ml-service\cnn\..\data\images\9573.jpg
1199,D:\Preet\Others\Projects\sem5project\Cartify\Cartify\ml-service\cnn\..\data\images\1199.jpg
5499,D:\Preet\Others\Projects\sem5project\Cartify\Cartify\ml-service\cnn\..\data\images\5499.jpg
11484,D:\Preet\Others\Projects\sem5project\Cartify\Cartify\ml-service\cnn\..\data\images\11484.jpg
15527,D:\Preet\Others\Projects\sem5project\Cartify\Cartify\ml-service\cnn\..\data\images\15527.jpg
15382,D:\Preet\Others\Projects\sem5project\Cartify\Cartify\ml-service\cnn\..\data\images\15382.jpg
16780,D:\Preet\Others\Projects\sem5project\Cartify\Cartify\ml-service\cnn\..\data\images\16780.jpg
302,D:\Preet\Others\Projects\sem5project\Cartify\Cartify\ml-service\cnn\..\data\images\302.jpg
12317,D:\Preet\Others\Projects\sem5project\Cartify\Cartify\ml-service\cnn\..\data\images\12317.jpg
5459,D:\Preet\Others\Projects\sem5project\Cartify\Cartify\ml-service\cnn\..\data\images\5459.jpg
14798,D:\Preet\Others\Projects\sem5project\Cartify\Cartify\ml-service\cnn\..\data\images\14798.jpg
5453,D:\Preet\Others\Projects\sem5project\Cartify\Cartify\ml-service\cnn\..\data\images\5453.jpg
6748,D:\Preet\Others\Projects\sem5project\Cartify\Cartify\ml-service\cnn\..\data\images\6748.jpg
547,D:\Preet\Others\Projects\sem5project\Cartify\Cartify\ml-service\cnn\..\data\images\547.jpg
9366,D:\Preet\Others\Projects\sem5project\Cartify\Cartify\ml-service\cnn\..\data\images\9366.jpg
12140,D:\Preet\Others\Projects\sem5project\Cartify\Cartify\ml-service\cnn\..\data\images\12140.jpg
5405,D:\Preet\Others\Projects\sem5project\Cartify\Cartify\ml-service\cnn\..\data\images\5405.jpg
9308,D:\Preet\Others\Projects\sem5project\Cartify\Cartify\ml-service\cnn\..\data\images\9308.jpg
11478,D:\Preet\Others\Projects\sem5project\Cartify\Cartify\ml-service\cnn\..\data\images\11478.jpg
5376,D:\Preet\Others\Projects\sem5project\Cartify\Cartify\ml-service\cnn\..\data\images\5376.jpg
8001,D:\Preet\Others\Projects\sem5project\Cartify\Cartify\ml-service\cnn\..\data\images\8001.jpg
9499,D:\Preet\Others\Projects\sem5project\Cartify\Cartify\ml-service\cnn\..\data\images\9499.jpg
9488,D:\Preet\Others\Projects\sem5project\Cartify\Cartify\ml-service\cnn\..\data\images\9488.jpg
9481,D:\Preet\Others\Projects\sem5project\Cartify\Cartify\ml-service\cnn\..\data\images\9481.jpg
9461,D:\Preet\Others\Projects\sem5project\Cartify\Cartify\ml-service\cnn\..\data\images\9461.jpg
744,D:\Preet\Others\Projects\sem5project\Cartify\Cartify\ml-service\cnn\..\data\images\744.jpg
12205,D:\Preet\Others\Projects\sem5project\Cartify\Cartify\ml-service\cnn\..\data\images\12205.jpg
12186,D:\Preet\Others\Projects\sem5project\Cartify\Cartify\ml-service\cnn\..\data\images\12186.jpg
12155,D:\Preet\Others\Projects\sem5project\Cartify\Cartify\ml-service\cnn\..\data\images\12155.jpg
9378,D:\Preet\Others\Projects\sem5project\Cartify\Cartify\ml-service\cnn\..\data\images\9378.jpg
16125,D:\Preet\Others\Projects\sem5project\Cartify\Cartify\ml-service\cnn\..\data\images\16125.jpg
12078,D:\Preet\Others\Projects\sem5project\Cartify\Cartify\ml-service\cnn\..\data\images\12078.jpg
167,D:\Preet\Others\Projects\sem5project\Cartify\Cartify\ml-service\cnn\..\data\images\167.jpg
14771,D:\Preet\Others\Projects\sem5project\Cartify\Cartify\ml-service\cnn\..\data\images\14771.jpg
15896,D:\Preet\Others\Projects\sem5project\Cartify\Cartify\ml-service\cnn\..\data\images\15896.jpg
11974,D:\Preet\Others\Projects\sem5project\Cartify\Cartify\ml-service\cnn\..\data\images\11974.jpg
13328,D:\Preet\Others\Projects\sem5project\Cartify\Cartify\ml-service\cnn\..\data\images\13328.jpg
11685,D:\Preet\Others\Projects\sem5project\Cartify\Cartify\ml-service\cnn\..\data\images\11685.jpg
11872,D:\Preet\Others\Projects\sem5project\Cartify\Cartify\ml-service\cnn\..\data\images\11872.jpg
9054,D:\Preet\Others\Projects\sem5project\Cartify\Cartify\ml-service\cnn\..\data\images\9054.jpg
15550,D:\Preet\Others\Projects\sem5project\Cartify\Cartify\ml-service\cnn\..\data\images\15550.jpg
11863,D:\Preet\Others\Projects\sem5project\Cartify\Cartify\ml-service\cnn\..\data\images\11863.jpg
14679,D:\Preet\Others\Projects\sem5project\Cartify\Cartify\ml-service\cnn\..\data\images\14679.jpg
11780,D:\Preet\Others\Projects\sem5project\Cartify\Cartify\ml-service\cnn\..\data\images\11780.jpg
15569,D:\Preet\Others\Projects\sem5project\Cartify\Cartify\ml-service\cnn\..\data\images\15569.jpg
8660,D:\Preet\Others\Projects\sem5project\Cartify\Cartify\ml-service\cnn\..\data\images\8660.jpg
8638,D:\Preet\Others\Projects\sem5project\Cartify\Cartify\ml-service\cnn\..\data\images\8638.jpg
8629,D:\Preet\Others\Projects\sem5project\Cartify\Cartify\ml-service\cnn\..\data\images\8629.jpg
8597,D:\Preet\Others\Projects\sem5project\Cartify\Cartify\ml-service\cnn\..\data\images\8597.jpg
11597,D:\Preet\Others\Projects\sem5project\Cartify\Cartify\ml-service\cnn\..\data\images\11597.jpg
11580,D:\Preet\Others\Projects\sem5project\Cartify\Cartify\ml-service\cnn\..\data\images\11580.jpg
8466,D:\Preet\Others\Projects\sem5project\Cartify\Cartify\ml-service\cnn\..\data\images\8466.jpg
8463,D:\Preet\Others\Projects\sem5project\Cartify\Cartify\ml-service\cnn\..\data\images\8463.jpg
14620,D:\Preet\Others\Projects\sem5project\Cartify\Cartify\ml-service\cnn\..\data\images\14620.jpg
8459,D:\Preet\Others\Projects\sem5project\Cartify\Cartify\ml-service\cnn\..\data\images\8459.jpg
11538,D:\Preet\Others\Projects\sem5project\Cartify\Cartify\ml-service\cnn\..\data\images\11538.jpg
8445,D:\Preet\Others\Projects\sem5project\Cartify\Cartify\ml-service\cnn\..\data\images\8445.jpg
16936,D:\Preet\Others\Projects\sem5project\Cartify\Cartify\ml-service\cnn\..\data\images\16936.jpg
8425,D:\Preet\Others\Projects\sem5project\Cartify\Cartify\ml-service\cnn\..\data\images\8425.jpg
8419,D:\Preet\Others\Projects\sem5project\Cartify\Cartify\ml-service\cnn\..\data\images\8419.jpg
15888,D:\Preet\Others\Projects\sem5project\Cartify\Cartify\ml-service\cnn\..\data\images\15888.jpg
14595,D:\Preet\Others\Projects\sem5project\Cartify\Cartify\ml-service\cnn\..\data\images\14595.jpg
8350,D:\Preet\Others\Projects\sem5project\Cartify\Cartify\ml-service\cnn\..\data\images\8350.jpg
8338,D:\Preet\Others\Projects\sem5project\Cartify\Cartify\ml-service\cnn\..\data\images\8338.jpg
8304,D:\Preet\Others\Projects\sem5project\Cartify\Cartify\ml-service\cnn\..\data\images\8304.jpg
8299,D:\Preet\Others\Projects\sem5project\Cartify\Cartify\ml-service\cnn\..\data\images\8299.jpg
11494,D:\Preet\Others\Projects\sem5project\Cartify\Cartify\ml-service\cnn\..\data\images\11494.jpg
16465,D:\Preet\Others\Projects\sem5project\Cartify\Cartify\ml-service\cnn\..\data\images\16465.jpg
16688,D:\Preet\Others\Projects\sem5project\Cartify\Cartify\ml-service\cnn\..\data\images\16688.jpg
8125,D:\Preet\Others\Projects\sem5project\Cartify\Cartify\ml-service\cnn\..\data\images\8125.jpg
7820,D:\Preet\Others\Projects\sem5project\Cartify\Cartify\ml-service\cnn\..\data\images\7820.jpg
16853,D:\Preet\Others\Projects\sem5project\Cartify\Cartify\ml-service\cnn\..\data\images\16853.jpg
7603,D:\Preet\Others\Projects\sem5project\Cartify\Cartify\ml-service\cnn\..\data\images\7603.jpg
11438,D:\Preet\Others\Projects\sem5project\Cartify\Cartify\ml-service\cnn\..\data\images\11438.jpg
15477,D:\Preet\Others\Projects\sem5project\Cartify\Cartify\ml-service\cnn\..\data\images\15477.jpg
7181,D:\Preet\Others\Projects\sem5project\Cartify\Cartify\ml-service\cnn\..\data\images\7181.jpg
15419,D:\Preet\Others\Projects\sem5project\Cartify\Cartify\ml-service\cnn\..\data\images\15419.jpg
14450,D:\Preet\Others\Projects\sem5project\Cartify\Cartify\ml-service\cnn\..\data\images\14450.jpg
7152,D:\Preet\Others\Projects\sem5project\Cartify\Cartify\ml-service\cnn\..\data\images\7152.jpg
7078,D:\Preet\Others\Projects\sem5project\Cartify\Cartify\ml-service\cnn\..\data\images\7078.jpg
7075,D:\Preet\Others\Projects\sem5project\Cartify\Cartify\ml-service\cnn\..\data\images\7075.jpg
11321,D:\Preet\Others\Projects\sem5project\Cartify\Cartify\ml-service\cnn\..\data\images\11321.jpg
7024,D:\Preet\Others\Projects\sem5project\Cartify\Cartify\ml-service\cnn\..\data\images\7024.jpg
14324,D:\Preet\Others\Projects\sem5project\Cartify\Cartify\ml-service\cnn\..\data\images\14324.jpg
7010,D:\Preet\Others\Projects\sem5project\Cartify\Cartify\ml-service\cnn\..\data\images\7010.jpg
7000,D:\Preet\Others\Projects\sem5project\Cartify\Cartify\ml-service\cnn\..\data\images\7000.jpg
6980,D:\Preet\Others\Projects\sem5project\Cartify\Cartify\ml-service\cnn\..\data\images\6980.jpg
15775,D:\Preet\Others\Projects\sem5project\Cartify\Cartify\ml-service\cnn\..\data\images\15775.jpg
6733,D:\Preet\Others\Projects\sem5project\Cartify\Cartify\ml-service\cnn\..\data\images\6733.jpg
14286,D:\Preet\Others\Projects\sem5project\Cartify\Cartify\ml-service\cnn\..\data\images\14286.jpg
11113,D:\Preet\Others\Projects\sem5project\Cartify\Cartify\ml-service\cnn\..\data\images\11113.jpg
11109,D:\Preet\Others\Projects\sem5project\Cartify\Cartify\ml-service\cnn\..\data\images\11109.jpg
14281,D:\Preet\Others\Projects\sem5project\Cartify\Cartify\ml-service\cnn\..\data\images\14281.jpg
6651,D:\Preet\Others\Projects\sem5project\Cartify\Cartify\ml-service\cnn\..\data\images\6651.jpg
6649,D:\Preet\Others\Projects\sem5project\Cartify\Cartify\ml-service\cnn\..\data\images\6649.jpg
6986,D:\Preet\Others\Projects\sem5project\Cartify\Cartify\ml-service\cnn\..\data\images\6986.jpg
11034,D:\Preet\Others\Projects\sem5project\Cartify\Cartify\ml-service\cnn\..\data\images\11034.jpg
10993,D:\Preet\Others\Projects\sem5project\Cartify\Cartify\ml-service\cnn\..\data\images\10993.jpg
6611,D:\Preet\Others\Projects\sem5project\Cartify\Cartify\ml-service\cnn\..\data\images\6611.jpg
17587,D:\Preet\Others\Projects\sem5project\Cartify\Cartify\ml-service\cnn\..\data\images\17587.jpg
6607,D:\Preet\Others\Projects\sem5project\Cartify\Cartify\ml-service\cnn\..\data\images\6607.jpg
10841,D:\Preet\Others\Projects\sem5project\Cartify\Cartify\ml-service\cnn\..\data\images\10841.jpg
6529,D:\Preet\Others\Projects\sem5project\Cartify\Cartify\ml-service\cnn\..\data\images\6529.jpg
6493,D:\Preet\Others\Projects\sem5project\Cartify\Cartify\ml-service\cnn\..\data\images\6493.jpg
15289,D:\Preet\Others\Projects\sem5project\Cartify\Cartify\ml-service\cnn\..\data\images\15289.jpg
6452,D:\Preet\Others\Projects\sem5project\Cartify\Cartify\ml-service\cnn\..\data\images\6452.jpg
6412,D:\Preet\Others\Projects\sem5project\Cartify\Cartify\ml-service\cnn\..\data\images\6412.jpg
16340,D:\Preet\Others\Projects\sem5project\Cartify\Cartify\ml-service\cnn\..\data\images\16340.jpg
6375,D:\Preet\Others\Projects\sem5project\Cartify\Cartify\ml-service\cnn\..\data\images\6375.jpg
16748,D:\Preet\Others\Projects\sem5project\Cartify\Cartify\ml-service\cnn\..\data\images\16748.jpg
15246,D:\Preet\Others\Projects\sem5project\Cartify\Cartify\ml-service\cnn\..\data\images\15246.jpg
10687,D:\Preet\Others\Projects\sem5project\Cartify\Cartify\ml-service\cnn\..\data\images\10687.jpg
10684,D:\Preet\Others\Projects\sem5project\Cartify\Cartify\ml-service\cnn\..\data\images\10684.jpg
6318,D:\Preet\Others\Projects\sem5project\Cartify\Cartify\ml-service\cnn\..\data\images\6318.jpg
14126,D:\Preet\Others\Projects\sem5project\Cartify\Cartify\ml-service\cnn\..\data\images\14126.jpg
14041,D:\Preet\Others\Projects\sem5project\Cartify\Cartify\ml-service\cnn\..\data\images\14041.jpg
13880,D:\Preet\Others\Projects\sem5project\Cartify\Cartify\ml-service\cnn\..\data\images\13880.jpg
10629,D:\Preet\Others\Projects\sem5project\Cartify\Cartify\ml-service\cnn\..\data\images\10629.jpg
6066,D:\Preet\Others\Projects\sem5project\Cartify\Cartify\ml-service\cnn\..\data\images\6066.jpg
5598,D:\Preet\Others\Projects\sem5project\Cartify\Cartify\ml-service\cnn\..\data\images\5598.jpg
15769,D:\Preet\Others\Projects\sem5project\Cartify\Cartify\ml-service\cnn\..\data\images\15769.jpg
5561,D:\Preet\Others\Projects\sem5project\Cartify\Cartify\ml-service\cnn\..\data\images\5561.jpg
5557,D:\Preet\Others\Projects\sem5project\Cartify\Cartify\ml-service\cnn\..\data\images\5557.jpg
16523,D:\Preet\Others\Projects\sem5project\Cartify\Cartify\ml-service\cnn\..\data\images\16523.jpg
5536,D:\Preet\Others\Projects\sem5project\Cartify\Cartify\ml-service\cnn\..\data\images\5536.jpg
10565,D:\Preet\Others\Projects\sem5project\Cartify\Cartify\ml-service\cnn\..\data\images\10565.jpg
5491,D:\Preet\Others\Projects\sem5project\Cartify\Cartify\ml-service\cnn\..\data\images\5491.jpg
5480,D:\Preet\Others\Projects\sem5project\Cartify\Cartify\ml-service\cnn\..\data\images\5480.jpg
5476,D:\Preet\Others\Projects\sem5project\Cartify\Cartify\ml-service\cnn\..\data\images\5476.jpg
15934,D:\Preet\Others\Projects\sem5project\Cartify\Cartify\ml-service\cnn\..\data\images\15934.jpg
5463,D:\Preet\Others\Projects\sem5project\Cartify\Cartify\ml-service\cnn\..\data\images\5463.jpg
10516,D:\Preet\Others\Projects\sem5project\Cartify\Cartify\ml-service\cnn\..\data\images\10516.jpg
5397,D:\Preet\Others\Projects\sem5project\Cartify\Cartify\ml-service\cnn\..\data\images\5397.jpg
16800,D:\Preet\Others\Projects\sem5project\Cartify\Cartify\ml-service\cnn\..\data\images\16800.jpg
5336,D:\Preet\Others\Projects\sem5project\Cartify\Cartify\ml-service\cnn\..\data\images\5336.jpg
10495,D:\Preet\Others\Projects\sem5project\Cartify\Cartify\ml-service\cnn\..\data\images\10495.jpg
15148,D:\Preet\Others\Projects\sem5project\Cartify\Cartify\ml-service\cnn\..\data\images\15148.jpg
5219,D:\Preet\Others\Projects\sem5project\Cartify\Cartify\ml-service\cnn\..\data\images\5219.jpg
5211,D:\Preet\Others\Projects\sem5project\Cartify\Cartify\ml-service\cnn\..\data\images\5211.jpg
15086,D:\Preet\Others\Projects\sem5project\Cartify\Cartify\ml-service\cnn\..\data\images\15086.jpg
5073,D:\Preet\Others\Projects\sem5project\Cartify\Cartify\ml-service\cnn\..\data\images\5073.jpg
15735,D:\Preet\Others\Projects\sem5project\Cartify\Cartify\ml-service\cnn\..\data\images\15735.jpg
4947,D:\Preet\Others\Projects\sem5project\Cartify\Cartify\ml-service\cnn\..\data\images\4947.jpg
4941,D:\Preet\Others\Projects\sem5project\Cartify\Cartify\ml-service\cnn\..\data\images\4941.jpg
10273,D:\Preet\Others\Projects\sem5project\Cartify\Cartify\ml-service\cnn\..\data\images\10273.jpg
4895,D:\Preet\Others\Projects\sem5project\Cartify\Cartify\ml-service\cnn\..\data\images\4895.jpg
4849,D:\Preet\Others\Projects\sem5project\Cartify\Cartify\ml-service\cnn\..\data\images\4849.jpg
14718,D:\Preet\Others\Projects\sem5project\Cartify\Cartify\ml-service\cnn\..\data\images\14718.jpg
14959,D:\Preet\Others\Projects\sem5project\Cartify\Cartify\ml-service\cnn\..\data\images\14959.jpg
13238,D:\Preet\Others\Projects\sem5project\Cartify\Cartify\ml-service\cnn\..\data\images\13238.jpg
10065,D:\Preet\Others\Projects\sem5project\Cartify\Cartify\ml-service\cnn\..\data\images\10065.jpg
10049,D:\Preet\Others\Projects\sem5project\Cartify\Cartify\ml-service\cnn\..\data\images\10049.jpg
4674,D:\Preet\Others\Projects\sem5project\Cartify\Cartify\ml-service\cnn\..\data\images\4674.jpg
10042,D:\Preet\Others\Projects\sem5project\Cartify\Cartify\ml-service\cnn\..\data\images\10042.jpg
4642,D:\Preet\Others\Projects\sem5project\Cartify\Cartify\ml-service\cnn\..\data\images\4642.jpg
13227,D:\Preet\Others\Projects\sem5project\Cartify\Cartify\ml-service\cnn\..\data\images\13227.jpg
13222,D:\Preet\Others\Projects\sem5project\Cartify\Cartify\ml-service\cnn\..\data\images\13222.jpg
4596,D:\Preet\Others\Projects\sem5project\Cartify\Cartify\ml-service\cnn\..\data\images\4596.jpg
162,D:\Preet\Others\Projects\sem5project\Cartify\Cartify\ml-service\cnn\..\data\images\162.jpg
4292,D:\Preet\Others\Projects\sem5project\Cartify\Cartify\ml-service\cnn\..\data\images\4292.jpg
4116,D:\Preet\Others\Projects\sem5project\Cartify\Cartify\ml-service\cnn\..\data\images\4116.jpg
13129,D:\Preet\Others\Projects\sem5project\Cartify\Cartify\ml-service\cnn\..\data\images\13129.jpg
9993,D:\Preet\Others\Projects\sem5project\Cartify\Cartify\ml-service\cnn\..\data\images\9993.jpg
17442,D:\Preet\Others\Projects\sem5project\Cartify\Cartify\ml-service\cnn\..\data\images\17442.jpg
3966,D:\Preet\Others\Projects\sem5project\Cartify\Cartify\ml-service\cnn\..\data\images\3966.jpg
9880,D:\Preet\Others\Projects\sem5project\Cartify\Cartify\ml-service\cnn\..\data\images\9880.jpg
74,D:\Preet\Others\Projects\sem5project\Cartify\Cartify\ml-service\cnn\..\data\images\74.jpg
3588,D:\Preet\Others\Projects\sem5project\Cartify\Cartify\ml-service\cnn\..\data\images\3588.jpg
13033,D:\Preet\Others\Projects\sem5project\Cartify\Cartify\ml-service\cnn\..\data\images\13033.jpg
9344,D:\Preet\Others\Projects\sem5project\Cartify\Cartify\ml-service\cnn\..\data\images\9344.jpg
9302,D:\Preet\Others\Projects\sem5project\Cartify\Cartify\ml-service\cnn\..\data\images\9302.jpg
14893,D:\Preet\Others\Projects\sem5project\Cartify\Cartify\ml-service\cnn\..\data\images\14893.jpg
15716,D:\Preet\Others\Projects\sem5project\Cartify\Cartify\ml-service\cnn\..\data\images\15716.jpg
2962,D:\Preet\Others\Projects\sem5project\Cartify\Cartify\ml-service\cnn\..\data\images\2962.jpg
9779,D:\Preet\Others\Projects\sem5project\Cartify\Cartify\ml-service\cnn\..\data\images\9779.jpg
9766,D:\Preet\Others\Projects\sem5project\Cartify\Cartify\ml-service\cnn\..\data\images\9766.jpg
2912,D:\Preet\Others\Projects\sem5project\Cartify\Cartify\ml-service\cnn\..\data\images\2912.jpg
2874,D:\Preet\Others\Projects\sem5project\Cartify\Cartify\ml-service\cnn\..\data\images\2874.jpg
2858,D:\Preet\Others\Projects\sem5project\Cartify\Cartify\ml-service\cnn\..\data\images\2858.jpg
2855,D:\Preet\Others\Projects\sem5project\Cartify\Cartify\ml-service\cnn\..\data\images\2855.jpg
9706,D:\Preet\Others\Projects\sem5project\Cartify\Cartify\ml-service\cnn\..\data\images\9706.jpg
2599,D:\Preet\Others\Projects\sem5project\Cartify\Cartify\ml-service\cnn\..\data\images\2599.jpg
2579,D:\Preet\Others\Projects\sem5project\Cartify\Cartify\ml-service\cnn\..\data\images\2579.jpg
9684,D:\Preet\Others\Projects\sem5project\Cartify\Cartify\ml-service\cnn\..\data\images\9684.jpg
14846,D:\Preet\Others\Projects\sem5project\Cartify\Cartify\ml-service\cnn\..\data\images\14846.jpg
9675,D:\Preet\Others\Projects\sem5project\Cartify\Cartify\ml-service\cnn\..\data\images\9675.jpg
16281,D:\Preet\Others\Projects\sem5project\Cartify\Cartify\ml-service\cnn\..\data\images\16281.jpg
9651,D:\Preet\Others\Projects\sem5project\Cartify\Cartify\ml-service\cnn\..\data\images\9651.jpg
9647,D:\Preet\Others\Projects\sem5project\Cartify\Cartify\ml-service\cnn\..\data\images\9647.jpg
1907,D:\Preet\Others\Projects\sem5project\Cartify\Cartify\ml-service\cnn\..\data\images\1907.jpg
1654,D:\Preet\Others\Projects\sem5project\Cartify\Cartify\ml-service\cnn\..\data\images\1654.jpg
1239,D:\Preet\Others\Projects\sem5project\Cartify\Cartify\ml-service\cnn\..\data\images\1239.jpg
9561,D:\Preet\Others\Projects\sem5project\Cartify\Cartify\ml-service\cnn\..\data\images\9561.jpg
1148,D:\Preet\Others\Projects\sem5project\Cartify\Cartify\ml-service\cnn\..\data\images\1148.jpg
1131,D:\Preet\Others\Projects\sem5project\Cartify\Cartify\ml-service\cnn\..\data\images\1131.jpg
2102,D:\Preet\Others\Projects\sem5project\Cartify\Cartify\ml-service\cnn\..\data\images\2102.jpg
1913,D:\Preet\Others\Projects\sem5project\Cartify\Cartify\ml-service\cnn\..\data\images\1913.jpg
1893,D:\Preet\Others\Projects\sem5project\Cartify\Cartify\ml-service\cnn\..\data\images\1893.jpg
1819,D:\Preet\Others\Projects\sem5project\Cartify\Cartify\ml-service\cnn\..\data\images\1819.jpg
1771,D:\Preet\Others\Projects\sem5project\Cartify\Cartify\ml-service\cnn\..\data\images\1771.jpg
1636,D:\Preet\Others\Projects\sem5project\Cartify\Cartify\ml-service\cnn\..\data\images\1636.jpg
1216,D:\Preet\Others\Projects\sem5project\Cartify\Cartify\ml-service\cnn\..\data\images\1216.jpg
11546,D:\Preet\Others\Projects\sem5project\Cartify\Cartify\ml-service\cnn\..\data\images\11546.jpg
1016,D:\Preet\Others\Projects\sem5project\Cartify\Cartify\ml-service\cnn\..\data\images\1016.jpg
999,D:\Preet\Others\Projects\sem5project\Cartify\Cartify\ml-service\cnn\..\data\images\999.jpg
886,D:\Preet\Others\Projects\sem5project\Cartify\Cartify\ml-service\cnn\..\data\images\886.jpg
856,D:\Preet\Others\Projects\sem5project\Cartify\Cartify\ml-service\cnn\..\data\images\856.jpg
750,D:\Preet\Others\Projects\sem5project\Cartify\Cartify\ml-service\cnn\..\data\images\750.jpg
747,D:\Preet\Others\Projects\sem5project\Cartify\Cartify\ml-service\cnn\..\data\images\747.jpg
743,D:\Preet\Others\Projects\sem5project\Cartify\Cartify\ml-service\cnn\..\data\images\743.jpg
680,D:\Preet\Others\Projects\sem5project\Cartify\Cartify\ml-service\cnn\..\data\images\680.jpg
661,D:\Preet\Others\Projects\sem5project\Cartify\Cartify\ml-service\cnn\..\data\images\661.jpg
641,D:\Preet\Others\Projects\sem5project\Cartify\Cartify\ml-service\cnn\..\data\images\641.jpg
590,D:\Preet\Others\Projects\sem5project\Cartify\Cartify\ml-service\cnn\..\data\images\590.jpg
16937,D:\Preet\Others\Projects\sem5project\Cartify\Cartify\ml-service\cnn\..\data\images\16937.jpg
16908,D:\Preet\Others\Projects\sem5project\Cartify\Cartify\ml-service\cnn\..\data\images\16908.jpg
16896,D:\Preet\Others\Projects\sem5project\Cartify\Cartify\ml-service\cnn\..\data\images\16896.jpg
16868,D:\Preet\Others\Projects\sem5project\Cartify\Cartify\ml-service\cnn\..\data\images\16868.jpg
16866,D:\Preet\Others\Projects\sem5project\Cartify\Cartify\ml-service\cnn\..\data\images\16866.jpg
16854,D:\Preet\Others\Projects\sem5project\Cartify\Cartify\ml-service\cnn\..\data\images\16854.jpg
16844,D:\Preet\Others\Projects\sem5project\Cartify\Cartify\ml-service\cnn\..\data\images\16844.jpg
16832,D:\Preet\Others\Projects\sem5project\Cartify\Cartify\ml-service\cnn\..\data\images\16832.jpg
16830,D:\Preet\Others\Projects\sem5project\Cartify\Cartify\ml-service\cnn\..\data\images\16830.jpg
16762,D:\Preet\Others\Projects\sem5project\Cartify\Cartify\ml-service\cnn\..\data\images\16762.jpg
16735,D:\Preet\Others\Projects\sem5project\Cartify\Cartify\ml-service\cnn\..\data\images\16735.jpg
16728,D:\Preet\Others\Projects\sem5project\Cartify\Cartify\ml-service\cnn\..\data\images\16728.jpg
16717,D:\Preet\Others\Projects\sem5project\Cartify\Cartify\ml-service\cnn\..\data\images\16717.jpg
16710,D:\Preet\Others\Projects\sem5project\Cartify\Cartify\ml-service\cnn\..\data\images\16710.jpg
7170,D:\Preet\Others\Projects\sem5project\Cartify\Cartify\ml-service\cnn\..\data\images\7170.jpg
16654,D:\Preet\Others\Projects\sem5project\Cartify\Cartify\ml-service\cnn\..\data\images\16654.jpg
16644,D:\Preet\Others\Projects\sem5project\Cartify\Cartify\ml-service\cnn\..\data\images\16644.jpg
16666,D:\Preet\Others\Projects\sem5project\Cartify\Cartify\ml-service\cnn\..\data\images\16666.jpg
16331,D:\Preet\Others\Projects\sem5project\Cartify\Cartify\ml-service\cnn\..\data\images\16331.jpg
17113,D:\Preet\Others\Projects\sem5project\Cartify\Cartify\ml-service\cnn\..\data\images\17113.jpg
16316,D:\Preet\Others\Projects\sem5project\Cartify\Cartify\ml-service\cnn\..\data\images\16316.jpg
16283,D:\Preet\Others\Projects\sem5project\Cartify\Cartify\ml-service\cnn\..\data\images\16283.jpg
16233,D:\Preet\Others\Projects\sem5project\Cartify\Cartify\ml-service\cnn\..\data\images\16233.jpg
17381,D:\Preet\Others\Projects\sem5project\Cartify\Cartify\ml-service\cnn\..\data\images\17381.jpg
17414,D:\Preet\Others\Projects\sem5project\Cartify\Cartify\ml-service\cnn\..\data\images\17414.jpg
16082,D:\Preet\Others\Projects\sem5project\Cartify\Cartify\ml-service\cnn\..\data\images\16082.jpg
15974,D:\Preet\Others\Projects\sem5project\Cartify\Cartify\ml-service\cnn\..\data\images\15974.jpg
15959,D:\Preet\Others\Projects\sem5project\Cartify\Cartify\ml-service\cnn\..\data\images\15959.jpg
15911,D:\Preet\Others\Projects\sem5project\Cartify\Cartify\ml-service\cnn\..\data\images\15911.jpg
15905,D:\Preet\Others\Projects\sem5project\Cartify\Cartify\ml-service\cnn\..\data\images\15905.jpg
15903,D:\Preet\Others\Projects\sem5project\Cartify\Cartify\ml-service\cnn\..\data\images\15903.jpg
15891,D:\Preet\Others\Projects\sem5project\Cartify\Cartify\ml-service\cnn\..\data\images\15891.jpg
15842,D:\Preet\Others\Projects\sem5project\Cartify\Cartify\ml-service\cnn\..\data\images\15842.jpg
15834,D:\Preet\Others\Projects\sem5project\Cartify\Cartify\ml-service\cnn\..\data\images\15834.jpg
15828,D:\Preet\Others\Projects\sem5project\Cartify\Cartify\ml-service\cnn\..\data\images\15828.jpg
15823,D:\Preet\Others\Projects\sem5project\Cartify\Cartify\ml-service\cnn\..\data\images\15823.jpg
15814,D:\Preet\Others\Projects\sem5project\Cartify\Cartify\ml-service\cnn\..\data\images\15814.jpg
15812,D:\Preet\Others\Projects\sem5project\Cartify\Cartify\ml-service\cnn\..\data\images\15812.jpg
15810,D:\Preet\Others\Projects\sem5project\Cartify\Cartify\ml-service\cnn\..\data\images\15810.jpg
17497,D:\Preet\Others\Projects\sem5project\Cartify\Cartify\ml-service\cnn\..\data\images\17497.jpg
15801,D:\Preet\Others\Projects\sem5project\Cartify\Cartify\ml-service\cnn\..\data\images\15801.jpg
15740,D:\Preet\Others\Projects\sem5project\Cartify\Cartify\ml-service\cnn\..\data\images\15740.jpg
15732,D:\Preet\Others\Projects\sem5project\Cartify\Cartify\ml-service\cnn\..\data\images\15732.jpg
15691,D:\Preet\Others\Projects\sem5project\Cartify\Cartify\ml-service\cnn\..\data\images\15691.jpg
15659,D:\Preet\Others\Projects\sem5project\Cartify\Cartify\ml-service\cnn\..\data\images\15659.jpg
15591,D:\Preet\Others\Projects\sem5project\Cartify\Cartify\ml-service\cnn\..\data\images\15591.jpg
17524,D:\Preet\Others\Projects\sem5project\Cartify\Cartify\ml-service\cnn\..\data\images\17524.jpg
15525,D:\Preet\Others\Projects\sem5project\Cartify\Cartify\ml-service\cnn\..\data\images\15525.jpg
15508,D:\Preet\Others\Projects\sem5project\Cartify\Cartify\ml-service\cnn\..\data\images\15508.jpg
17625,D:\Preet\Others\Projects\sem5project\Cartify\Cartify\ml-service\cnn\..\data\images\17625.jpg
15398,D:\Preet\Others\Projects\sem5project\Cartify\Cartify\ml-service\cnn\..\data\images\15398.jpg
15389,D:\Preet\Others\Projects\sem5project\Cartify\Cartify\ml-service\cnn\..\data\images\15389.jpg
17807,D:\Preet\Others\Projects\sem5project\Cartify\Cartify\ml-service\cnn\..\data\images\17807.jpg
15181,D:\Preet\Others\Projects\sem5project\Cartify\Cartify\ml-service\cnn\..\data\images\15181.jpg
14981,D:\Preet\Others\Projects\sem5project\Cartify\Cartify\ml-service\cnn\..\data\images\14981.jpg
14908,D:\Preet\Others\Projects\sem5project\Cartify\Cartify\ml-service\cnn\..\data\images\14908.jpg
14886,D:\Preet\Others\Projects\sem5project\Cartify\Cartify\ml-service\cnn\..\data\images\14886.jpg
14861,D:\Preet\Others\Projects\sem5project\Cartify\Cartify\ml-service\cnn\..\data\images\14861.jpg
14829,D:\Preet\Others\Projects\sem5project\Cartify\Cartify\ml-service\cnn\..\data\images\14829.jpg
14821,D:\Preet\Others\Projects\sem5project\Cartify\Cartify\ml-service\cnn\..\data\images\14821.jpg
390,D:\Preet\Others\Projects\sem5project\Cartify\Cartify\ml-service\cnn\..\data\images\390.jpg
14767,D:\Preet\Others\Projects\sem5project\Cartify\Cartify\ml-service\cnn\..\data\images\14767.jpg
320,D:\Preet\Others\Projects\sem5project\Cartify\Cartify\ml-service\cnn\..\data\images\320.jpg
14700,D:\Preet\Others\Projects\sem5project\Cartify\Cartify\ml-service\cnn\..\data\images\14700.jpg
16390,D:\Preet\Others\Projects\sem5project\Cartify\Cartify\ml-service\cnn\..\data\images\16390.jpg
14669,D:\Preet\Others\Projects\sem5project\Cartify\Cartify\ml-service\cnn\..\data\images\14669.jpg
14665,D:\Preet\Others\Projects\sem5project\Cartify\Cartify\ml-service\cnn\..\data\images\14665.jpg
14639,D:\Preet\Others\Projects\sem5project\Cartify\Cartify\ml-service\cnn\..\data\images\14639.jpg
14631,D:\Preet\Others\Projects\sem5project\Cartify\Cartify\ml-service\cnn\..\data\images\14631.jpg
14606,D:\Preet\Others\Projects\sem5project\Cartify\Cartify\ml-service\cnn\..\data\images\14606.jpg
14601,D:\Preet\Others\Projects\sem5project\Cartify\Cartify\ml-service\cnn\..\data\images\14601.jpg
16479,D:\Preet\Others\Projects\sem5project\Cartify\Cartify\ml-service\cnn\..\data\images\16479.jpg
16512,D:\Preet\Others\Projects\sem5project\Cartify\Cartify\ml-service\cnn\..\data\images\16512.jpg
16531,D:\Preet\Others\Projects\sem5project\Cartify\Cartify\ml-service\cnn\..\data\images\16531.jpg
14598,D:\Preet\Others\Projects\sem5project\Cartify\Cartify\ml-service\cnn\..\data\images\14598.jpg
14474,D:\Preet\Others\Projects\sem5project\Cartify\Cartify\ml-service\cnn\..\data\images\14474.jpg
14460,D:\Preet\Others\Projects\sem5project\Cartify\Cartify\ml-service\cnn\..\data\images\14460.jpg
14458,D:\Preet\Others\Projects\sem5project\Cartify\Cartify\ml-service\cnn\..\data\images\14458.jpg
16545,D:\Preet\Others\Projects\sem5project\Cartify\Cartify\ml-service\cnn\..\data\images\16545.jpg
14306,D:\Preet\Others\Projects\sem5project\Cartify\Cartify\ml-service\cnn\..\data\images\14306.jpg
14300,D:\Preet\Others\Projects\sem5project\Cartify\Cartify\ml-service\cnn\..\data\images\14300.jpg
14275,D:\Preet\Others\Projects\sem5project\Cartify\Cartify\ml-service\cnn\..\data\images\14275.jpg
14221,D:\Preet\Others\Projects\sem5project\Cartify\Cartify\ml-service\cnn\..\data\images\14221.jpg
14130,D:\Preet\Others\Projects\sem5project\Cartify\Cartify\ml-service\cnn\..\data\images\14130.jpg
16905,D:\Preet\Others\Projects\sem5project\Cartify\Cartify\ml-service\cnn\..\data\images\16905.jpg
16554,D:\Preet\Others\Projects\sem5project\Cartify\Cartify\ml-service\cnn\..\data\images\16554.jpg
13718,D:\Preet\Others\Projects\sem5project\Cartify\Cartify\ml-service\cnn\..\data\images\13718.jpg
16783,D:\Preet\Others\Projects\sem5project\Cartify\Cartify\ml-service\cnn\..\data\images\16783.jpg
16559,D:\Preet\Others\Projects\sem5project\Cartify\Cartify\ml-service\cnn\..\data\images\16559.jpg
13426,D:\Preet\Others\Projects\sem5project\Cartify\Cartify\ml-service\cnn\..\data\images\13426.jpg
13287,D:\Preet\Others\Projects\sem5project\Cartify\Cartify\ml-service\cnn\..\data\images\13287.jpg
13281,D:\Preet\Others\Projects\sem5project\Cartify\Cartify\ml-service\cnn\..\data\images\13281.jpg
13257,D:\Preet\Others\Projects\sem5project\Cartify\Cartify\ml-service\cnn\..\data\images\13257.jpg
15949,D:\Preet\Others\Projects\sem5project\Cartify\Cartify\ml-service\cnn\..\data\images\15949.jpg
13154,D:\Preet\Others\Projects\sem5project\Cartify\Cartify\ml-service\cnn\..\data\images\13154.jpg
13119,D:\Preet\Others\Projects\sem5project\Cartify\Cartify\ml-service\cnn\..\data\images\13119.jpg
16563,D:\Preet\Others\Projects\sem5project\Cartify\Cartify\ml-service\cnn\..\data\images\16563.jpg
12775,D:\Preet\Others\Projects\sem5project\Cartify\Cartify\ml-service\cnn\..\data\images\12775.jpg
12737,D:\Preet\Others\Projects\sem5project\Cartify\Cartify\ml-service\cnn\..\data\images\12737.jpg
12616,D:\Preet\Others\Projects\sem5project\Cartify\Cartify\ml-service\cnn\..\data\images\12616.jpg
12454,D:\Preet\Others\Projects\sem5project\Cartify\Cartify\ml-service\cnn\..\data\images\12454.jpg
12381,D:\Preet\Others\Projects\sem5project\Cartify\Cartify\ml-service\cnn\..\data\images\12381.jpg
12359,D:\Preet\Others\Projects\sem5project\Cartify\Cartify\ml-service\cnn\..\data\images\12359.jpg
15945,D:\Preet\Others\Projects\sem5project\Cartify\Cartify\ml-service\cnn\..\data\images\15945.jpg
12151,D:\Preet\Others\Projects\sem5project\Cartify\Cartify\ml-service\cnn\..\data\images\12151.jpg
11981,D:\Preet\Others\Projects\sem5project\Cartify\Cartify\ml-service\cnn\..\data\images\11981.jpg
11977,D:\Preet\Others\Projects\sem5project\Cartify\Cartify\ml-service\cnn\..\data\images\11977.jpg
11957,D:\Preet\Others\Projects\sem5project\Cartify\Cartify\ml-service\cnn\..\data\images\11957.jpg
11934,D:\Preet\Others\Projects\sem5project\Cartify\Cartify\ml-service\cnn\..\data\images\11934.jpg
11924,D:\Preet\Others\Projects\sem5project\Cartify\Cartify\ml-service\cnn\..\data\images\11924.jpg
11868,D:\Preet\Others\Projects\sem5project\Cartify\Cartify\ml-service\cnn\..\data\images\11868.jpg
11825,D:\Preet\Others\Projects\sem5project\Cartify\Cartify\ml-service\cnn\..\data\images\11825.jpg
11787,D:\Preet\Others\Projects\sem5project\Cartify\Cartify\ml-service\cnn\..\data\images\11787.jpg
16581,D:\Preet\Others\Projects\sem5project\Cartify\Cartify\ml-service\cnn\..\data\images\16581.jpg
11604,D:\Preet\Others\Projects\sem5project\Cartify\Cartify\ml-service\cnn\..\data\images\11604.jpg
11578,D:\Preet\Others\Projects\sem5project\Cartify\Cartify\ml-service\cnn\..\data\images\11578.jpg
11569,D:\Preet\Others\Projects\sem5project\Cartify\Cartify\ml-service\cnn\..\data\images\11569.jpg
11565,D:\Preet\Others\Projects\sem5project\Cartify\Cartify\ml-service\cnn\..\data\images\11565.jpg
11525,D:\Preet\Others\Projects\sem5project\Cartify\Cartify\ml-service\cnn\..\data\images\11525.jpg
16592,D:\Preet\Others\Projects\sem5project\Cartify\Cartify\ml-service\cnn\..\data\images\16592.jpg
11505,D:\Preet\Others\Projects\sem5project\Cartify\Cartify\ml-service\cnn\..\data\images\11505.jpg
11500,D:\Preet\Others\Projects\sem5project\Cartify\Cartify\ml-service\cnn\..\data\images\11500.jpg
11487,D:\Preet\Others\Projects\sem5project\Cartify\Cartify\ml-service\cnn\..\data\images\11487.jpg
11470,D:\Preet\Others\Projects\sem5project\Cartify\Cartify\ml-service\cnn\..\data\images\11470.jpg
2957,D:\Preet\Others\Projects\sem5project\Cartify\Cartify\ml-service\cnn\..\data\images\2957.jpg
16624,D:\Preet\Others\Projects\sem5project\Cartify\Cartify\ml-service\cnn\..\data\images\16624.jpg
11416,D:\Preet\Others\Projects\sem5project\Cartify\Cartify\ml-service\cnn\..\data\images\11416.jpg
11379,D:\Preet\Others\Projects\sem5project\Cartify\Cartify\ml-service\cnn\..\data\images\11379.jpg
11365,D:\Preet\Others\Projects\sem5project\Cartify\Cartify\ml-service\cnn\..\data\images\11365.jpg
11348,D:\Preet\Others\Projects\sem5project\Cartify\Cartify\ml-service\cnn\..\data\images\11348.jpg
11338,D:\Preet\Others\Projects\sem5project\Cartify\Cartify\ml-service\cnn\..\data\images\11338.jpg
16634,D:\Preet\Others\Projects\sem5project\Cartify\Cartify\ml-service\cnn\..\data\images\16634.jpg
11180,D:\Preet\Others\Projects\sem5project\Cartify\Cartify\ml-service\cnn\..\data\images\11180.jpg
16637,D:\Preet\Others\Projects\sem5project\Cartify\Cartify\ml-service\cnn\..\data\images\16637.jpg
11154,D:\Preet\Others\Projects\sem5project\Cartify\Cartify\ml-service\cnn\..\data\images\11154.jpg
11149,D:\Preet\Others\Projects\sem5project\Cartify\Cartify\ml-service\cnn\..\data\images\11149.jpg
11123,D:\Preet\Others\Projects\sem5project\Cartify\Cartify\ml-service\cnn\..\data\images\11123.jpg
11114,D:\Preet\Others\Projects\sem5project\Cartify\Cartify\ml-service\cnn\..\data\images\11114.jpg
16641,D:\Preet\Others\Projects\sem5project\Cartify\Cartify\ml-service\cnn\..\data\images\16641.jpg
11036,D:\Preet\Others\Projects\sem5project\Cartify\Cartify\ml-service\cnn\..\data\images\11036.jpg
10933,D:\Preet\Others\Projects\sem5project\Cartify\Cartify\ml-service\cnn\..\data\images\10933.jpg
10772,D:\Preet\Others\Projects\sem5project\Cartify\Cartify\ml-service\cnn\..\data\images\10772.jpg
10753,D:\Preet\Others\Projects\sem5project\Cartify\Cartify\ml-service\cnn\..\data\images\10753.jpg
10744,D:\Preet\Others\Projects\sem5project\Cartify\Cartify\ml-service\cnn\..\data\images\10744.jpg
10740,D:\Preet\Others\Projects\sem5project\Cartify\Cartify\ml-service\cnn\..\data\images\10740.jpg
10699,D:\Preet\Others\Projects\sem5project\Cartify\Cartify\ml-service\cnn\..\data\images\10699.jpg
10683,D:\Preet\Others\Projects\sem5project\Cartify\Cartify\ml-service\cnn\..\data\images\10683.jpg
10643,D:\Preet\Others\Projects\sem5project\Cartify\Cartify\ml-service\cnn\..\data\images\10643.jpg
10636,D:\Preet\Others\Projects\sem5project\Cartify\Cartify\ml-service\cnn\..\data\images\10636.jpg
10620,D:\Preet\Others\Projects\sem5project\Cartify\Cartify\ml-service\cnn\..\data\images\10620.jpg
10603,D:\Preet\Others\Projects\sem5project\Cartify\Cartify\ml-service\cnn\..\data\images\10603.jpg
10588,D:\Preet\Others\Projects\sem5project\Cartify\Cartify\ml-service\cnn\..\data\images\10588.jpg
10562,D:\Preet\Others\Projects\sem5project\Cartify\Cartify\ml-service\cnn\..\data\images\10562.jpg
10533,D:\Preet\Others\Projects\sem5project\Cartify\Cartify\ml-service\cnn\..\data\images\10533.jpg
10504,D:\Preet\Others\Projects\sem5project\Cartify\Cartify\ml-service\cnn\..\data\images\10504.jpg
10489,D:\Preet\Others\Projects\sem5project\Cartify\Cartify\ml-service\cnn\..\data\images\10489.jpg
10478,D:\Preet\Others\Projects\sem5project\Cartify\Cartify\ml-service\cnn\..\data\images\10478.jpg
10363,D:\Preet\Others\Projects\sem5project\Cartify\Cartify\ml-service\cnn\..\data\images\10363.jpg
10349,D:\Preet\Others\Projects\sem5project\Cartify\Cartify\ml-service\cnn\..\data\images\10349.jpg
10330,D:\Preet\Others\Projects\sem5project\Cartify\Cartify\ml-service\cnn\..\data\images\10330.jpg
10306,D:\Preet\Others\Projects\sem5project\Cartify\Cartify\ml-service\cnn\..\data\images\10306.jpg
10295,D:\Preet\Others\Projects\sem5project\Cartify\Cartify\ml-service\cnn\..\data\images\10295.jpg
10284,D:\Preet\Others\Projects\sem5project\Cartify\Cartify\ml-service\cnn\..\data\images\10284.jpg
10264,D:\Preet\Others\Projects\sem5project\Cartify\Cartify\ml-service\cnn\..\data\images\10264.jpg
10279,D:\Preet\Others\Projects\sem5project\Cartify\Cartify\ml-service\cnn\..\data\images\10279.jpg
10248,D:\Preet\Others\Projects\sem5project\Cartify\Cartify\ml-service\cnn\..\data\images\10248.jpg
10239,D:\Preet\Others\Projects\sem5project\Cartify\Cartify\ml-service\cnn\..\data\images\10239.jpg
10183,D:\Preet\Others\Projects\sem5project\Cartify\Cartify\ml-service\cnn\..\data\images\10183.jpg
10138,D:\Preet\Others\Projects\sem5project\Cartify\Cartify\ml-service\cnn\..\data\images\10138.jpg
10107,D:\Preet\Others\Projects\sem5project\Cartify\Cartify\ml-service\cnn\..\data\images\10107.jpg
10066,D:\Preet\Others\Projects\sem5project\Cartify\Cartify\ml-service\cnn\..\data\images\10066.jpg
10108,D:\Preet\Others\Projects\sem5project\Cartify\Cartify\ml-service\cnn\..\data\images\10108.jpg
10039,D:\Preet\Others\Projects\sem5project\Cartify\Cartify\ml-service\cnn\..\data\images\10039.jpg
10026,D:\Preet\Others\Projects\sem5project\Cartify\Cartify\ml-service\cnn\..\data\images\10026.jpg
10006,D:\Preet\Others\Projects\sem5project\Cartify\Cartify\ml-service\cnn\..\data\images\10006.jpg
10000,D:\Preet\Others\Projects\sem5project\Cartify\Cartify\ml-service\cnn\..\data\images\10000.jpg
9994,D:\Preet\Others\Projects\sem5project\Cartify\Cartify\ml-service\cnn\..\data\images\9994.jpg
9903,D:\Preet\Others\Projects\sem5project\Cartify\Cartify\ml-service\cnn\..\data\images\9903.jpg
9879,D:\Preet\Others\Projects\sem5project\Cartify\Cartify\ml-service\cnn\..\data\images\9879.jpg
9898,D:\Preet\Others\Projects\sem5project\Cartify\Cartify\ml-service\cnn\..\data\images\9898.jpg
9836,D:\Preet\Others\Projects\sem5project\Cartify\Cartify\ml-service\cnn\..\data\images\9836.jpg
9812,D:\Preet\Others\Projects\sem5project\Cartify\Cartify\ml-service\cnn\..\data\images\9812.jpg
9804,D:\Preet\Others\Projects\sem5project\Cartify\Cartify\ml-service\cnn\..\data\images\9804.jpg
9771,D:\Preet\Others\Projects\sem5project\Cartify\Cartify\ml-service\cnn\..\data\images\9771.jpg
9730,D:\Preet\Others\Projects\sem5project\Cartify\Cartify\ml-service\cnn\..\data\images\9730.jpg
9718,D:\Preet\Others\Projects\sem5project\Cartify\Cartify\ml-service\cnn\..\data\images\9718.jpg
9680,D:\Preet\Others\Projects\sem5project\Cartify\Cartify\ml-service\cnn\..\data\images\9680.jpg
9677,D:\Preet\Others\Projects\sem5project\Cartify\Cartify\ml-service\cnn\..\data\images\9677.jpg
9672,D:\Preet\Others\Projects\sem5project\Cartify\Cartify\ml-service\cnn\..\data\images\9672.jpg
9652,D:\Preet\Others\Projects\sem5project\Cartify\Cartify\ml-service\cnn\..\data\images\9652.jpg
9606,D:\Preet\Others\Projects\sem5project\Cartify\Cartify\ml-service\cnn\..\data\images\9606.jpg
9597,D:\Preet\Others\Projects\sem5project\Cartify\Cartify\ml-service\cnn\..\data\images\9597.jpg
9453,D:\Preet\Others\Projects\sem5project\Cartify\Cartify\ml-service\cnn\..\data\images\9453.jpg
9437,D:\Preet\Others\Projects\sem5project\Cartify\Cartify\ml-service\cnn\..\data\images\9437.jpg
9418,D:\Preet\Others\Projects\sem5project\Cartify\Cartify\ml-service\cnn\..\data\images\9418.jpg
9415,D:\Preet\Others\Projects\sem5project\Cartify\Cartify\ml-service\cnn\..\data\images\9415.jpg
9569,D:\Preet\Others\Projects\sem5project\Cartify\Cartify\ml-service\cnn\..\data\images\9569.jpg
9379,D:\Preet\Others\Projects\sem5project\Cartify\Cartify\ml-service\cnn\..\data\images\9379.jpg
9333,D:\Preet\Others\Projects\sem5project\Cartify\Cartify\ml-service\cnn\..\data\images\9333.jpg
9332,D:\Preet\Others\Projects\sem5project\Cartify\Cartify\ml-service\cnn\..\data\images\9332.jpg
9322,D:\Preet\Others\Projects\sem5project\Cartify\Cartify\ml-service\cnn\..\data\images\9322.jpg
9271,D:\Preet\Others\Projects\sem5project\Cartify\Cartify\ml-service\cnn\..\data\images\9271.jpg
9256,D:\Preet\Others\Projects\sem5project\Cartify\Cartify\ml-service\cnn\..\data\images\9256.jpg
9242,D:\Preet\Others\Projects\sem5project\Cartify\Cartify\ml-service\cnn\..\data\images\9242.jpg
9205,D:\Preet\Others\Projects\sem5project\Cartify\Cartify\ml-service\cnn\..\data\images\9205.jpg
9185,D:\Preet\Others\Projects\sem5project\Cartify\Cartify\ml-service\cnn\..\data\images\9185.jpg
9166,D:\Preet\Others\Projects\sem5project\Cartify\Cartify\ml-service\cnn\..\data\images\9166.jpg
9164,D:\Preet\Others\Projects\sem5project\Cartify\Cartify\ml-service\cnn\..\data\images\9164.jpg
9152,D:\Preet\Others\Projects\sem5project\Cartify\Cartify\ml-service\cnn\..\data\images\9152.jpg
9151,D:\Preet\Others\Projects\sem5project\Cartify\Cartify\ml-service\cnn\..\data\images\9151.jpg
9128,D:\Preet\Others\Projects\sem5project\Cartify\Cartify\ml-service\cnn\..\data\images\9128.jpg
9119,D:\Preet\Others\Projects\sem5project\Cartify\Cartify\ml-service\cnn\..\data\images\9119.jpg
9106,D:\Preet\Others\Projects\sem5project\Cartify\Cartify\ml-service\cnn\..\data\images\9106.jpg
9055,D:\Preet\Others\Projects\sem5project\Cartify\Cartify\ml-service\cnn\..\data\images\9055.jpg
8998,D:\Preet\Others\Projects\sem5project\Cartify\Cartify\ml-service\cnn\..\data\images\8998.jpg
8802,D:\Preet\Others\Projects\sem5project\Cartify\Cartify\ml-service\cnn\..\data\images\8802.jpg
8756,D:\Preet\Others\Projects\sem5project\Cartify\Cartify\ml-service\cnn\..\data\images\8756.jpg
8791,D:\Preet\Others\Projects\sem5project\Cartify\Cartify\ml-service\cnn\..\data\images\8791.jpg
8745,D:\Preet\Others\Projects\sem5project\Cartify\Cartify\ml-service\cnn\..\data\images\8745.jpg
8735,D:\Preet\Others\Projects\sem5project\Cartify\Cartify\ml-service\cnn\..\data\images\8735.jpg
8618,D:\Preet\Others\Projects\sem5project\Cartify\Cartify\ml-service\cnn\..\data\images\8618.jpg
8587,D:\Preet\Others\Projects\sem5project\Cartify\Cartify\ml-service\cnn\..\data\images\8587.jpg
8528,D:\Preet\Others\Projects\sem5project\Cartify\Cartify\ml-service\cnn\..\data\images\8528.jpg
8503,D:\Preet\Others\Projects\sem5project\Cartify\Cartify\ml-service\cnn\..\data\images\8503.jpg
8481,D:\Preet\Others\Projects\sem5project\Cartify\Cartify\ml-service\cnn\..\data\images\8481.jpg
8470,D:\Preet\Others\Projects\sem5project\Cartify\Cartify\ml-service\cnn\..\data\images\8470.jpg
8460,D:\Preet\Others\Projects\sem5project\Cartify\Cartify\ml-service\cnn\..\data\images\8460.jpg
8454,D:\Preet\Others\Projects\sem5project\Cartify\Cartify\ml-service\cnn\..\data\images\8454.jpg
8452,D:\Preet\Others\Projects\sem5project\Cartify\Cartify\ml-service\cnn\..\data\images\8452.jpg
8424,D:\Preet\Others\Projects\sem5project\Cartify\Cartify\ml-service\cnn\..\data\images\8424.jpg
11556,D:\Preet\Others\Projects\sem5project\Cartify\Cartify\ml-service\cnn\..\data\images\11556.jpg
8384,D:\Preet\Others\Projects\sem5project\Cartify\Cartify\ml-service\cnn\..\data\images\8384.jpg
8368,D:\Preet\Others\Projects\sem5project\Cartify\Cartify\ml-service\cnn\..\data\images\8368.jpg
8316,D:\Preet\Others\Projects\sem5project\Cartify\Cartify\ml-service\cnn\..\data\images\8316.jpg
8282,D:\Preet\Others\Projects\sem5project\Cartify\Cartify\ml-service\cnn\..\data\images\8282.jpg
8257,D:\Preet\Others\Projects\sem5project\Cartify\Cartify\ml-service\cnn\..\data\images\8257.jpg
8230,D:\Preet\Others\Projects\sem5project\Cartify\Cartify\ml-service\cnn\..\data\images\8230.jpg
8014,D:\Preet\Others\Projects\sem5project\Cartify\Cartify\ml-service\cnn\..\data\images\8014.jpg
7785,D:\Preet\Others\Projects\sem5project\Cartify\Cartify\ml-service\cnn\..\data\images\7785.jpg
7451,D:\Preet\Others\Projects\sem5project\Cartify\Cartify\ml-service\cnn\..\data\images\7451.jpg
7435,D:\Preet\Others\Projects\sem5project\Cartify\Cartify\ml-service\cnn\..\data\images\7435.jpg
7391,D:\Preet\Others\Projects\sem5project\Cartify\Cartify\ml-service\cnn\..\data\images\7391.jpg
7313,D:\Preet\Others\Projects\sem5project\Cartify\Cartify\ml-service\cnn\..\data\images\7313.jpg
7234,D:\Preet\Others\Projects\sem5project\Cartify\Cartify\ml-service\cnn\..\data\images\7234.jpg
7220,D:\Preet\Others\Projects\sem5project\Cartify\Cartify\ml-service\cnn\..\data\images\7220.jpg
7213,D:\Preet\Others\Projects\sem5project\Cartify\Cartify\ml-service\cnn\..\data\images\7213.jpg
7210,D:\Preet\Others\Projects\sem5project\Cartify\Cartify\ml-service\cnn\..\data\images\7210.jpg
16695,D:\Preet\Others\Projects\sem5project\Cartify\Cartify\ml-service\cnn\..\data\images\16695.jpg
7169,D:\Preet\Others\Projects\sem5project\Cartify\Cartify\ml-service\cnn\..\data\images\7169.jpg
7066,D:\Preet\Others\Projects\sem5project\Cartify\Cartify\ml-service\cnn\..\data\images\7066.jpg
7058,D:\Preet\Others\Projects\sem5project\Cartify\Cartify\ml-service\cnn\..\data\images\7058.jpg
7030,D:\Preet\Others\Projects\sem5project\Cartify\Cartify\ml-service\cnn\..\data\images\7030.jpg
7021,D:\Preet\Others\Projects\sem5project\Cartify\Cartify\ml-service\cnn\..\data\images\7021.jpg
7013,D:\Preet\Others\Projects\sem5project\Cartify\Cartify\ml-service\cnn\..\data\images\7013.jpg
6984,D:\Preet\Others\Projects\sem5project\Cartify\Cartify\ml-service\cnn\..\data\images\6984.jpg
6935,D:\Preet\Others\Projects\sem5project\Cartify\Cartify\ml-service\cnn\..\data\images\6935.jpg
6928,D:\Preet\Others\Projects\sem5project\Cartify\Cartify\ml-service\cnn\..\data\images\6928.jpg
6847,D:\Preet\Others\Projects\sem5project\Cartify\Cartify\ml-service\cnn\..\data\images\6847.jpg
6737,D:\Preet\Others\Projects\sem5project\Cartify\Cartify\ml-service\cnn\..\data\images\6737.jpg
6728,D:\Preet\Others\Projects\sem5project\Cartify\Cartify\ml-service\cnn\..\data\images\6728.jpg
6706,D:\Preet\Others\Projects\sem5project\Cartify\Cartify\ml-service\cnn\..\data\images\6706.jpg
6700,D:\Preet\Others\Projects\sem5project\Cartify\Cartify\ml-service\cnn\..\data\images\6700.jpg
6679,D:\Preet\Others\Projects\sem5project\Cartify\Cartify\ml-service\cnn\..\data\images\6679.jpg
6661,D:\Preet\Others\Projects\sem5project\Cartify\Cartify\ml-service\cnn\..\data\images\6661.jpg
6647,D:\Preet\Others\Projects\sem5project\Cartify\Cartify\ml-service\cnn\..\data\images\6647.jpg
6641,D:\Preet\Others\Projects\sem5project\Cartify\Cartify\ml-service\cnn\..\data\images\6641.jpg
6664,D:\Preet\Others\Projects\sem5project\Cartify\Cartify\ml-service\cnn\..\data\images\6664.jpg
6618,D:\Preet\Others\Projects\sem5project\Cartify\Cartify\ml-service\cnn\..\data\images\6618.jpg
6617,D:\Preet\Others\Projects\sem5project\Cartify\Cartify\ml-service\cnn\..\data\images\6617.jpg
6608,D:\Preet\Others\Projects\sem5project\Cartify\Cartify\ml-service\cnn\..\data\images\6608.jpg
6530,D:\Preet\Others\Projects\sem5project\Cartify\Cartify\ml-service\cnn\..\data\images\6530.jpg
6482,D:\Preet\Others\Projects\sem5project\Cartify\Cartify\ml-service\cnn\..\data\images\6482.jpg
6461,D:\Preet\Others\Projects\sem5project\Cartify\Cartify\ml-service\cnn\..\data\images\6461.jpg
6395,D:\Preet\Others\Projects\sem5project\Cartify\Cartify\ml-service\cnn\..\data\images\6395.jpg
6394,D:\Preet\Others\Projects\sem5project\Cartify\Cartify\ml-service\cnn\..\data\images\6394.jpg
6371,D:\Preet\Others\Projects\sem5project\Cartify\Cartify\ml-service\cnn\..\data\images\6371.jpg
6356,D:\Preet\Others\Projects\sem5project\Cartify\Cartify\ml-service\cnn\..\data\images\6356.jpg
6348,D:\Preet\Others\Projects\sem5project\Cartify\Cartify\ml-service\cnn\..\data\images\6348.jpg
6340,D:\Preet\Others\Projects\sem5project\Cartify\Cartify\ml-service\cnn\..\data\images\6340.jpg
6305,D:\Preet\Others\Projects\sem5project\Cartify\Cartify\ml-service\cnn\..\data\images\6305.jpg
6266,D:\Preet\Others\Projects\sem5project\Cartify\Cartify\ml-service\cnn\..\data\images\6266.jpg
6253,D:\Preet\Others\Projects\sem5project\Cartify\Cartify\ml-service\cnn\..\data\images\6253.jpg
6209,D:\Preet\Others\Projects\sem5project\Cartify\Cartify\ml-service\cnn\..\data\images\6209.jpg
6143,D:\Preet\Others\Projects\sem5project\Cartify\Cartify\ml-service\cnn\..\data\images\6143.jpg
11802,D:\Preet\Others\Projects\sem5project\Cartify\Cartify\ml-service\cnn\..\data\images\11802.jpg
5592,D:\Preet\Others\Projects\sem5project\Cartify\Cartify\ml-service\cnn\..\data\images\5592.jpg
5569,D:\Preet\Others\Projects\sem5project\Cartify\Cartify\ml-service\cnn\..\data\images\5569.jpg
5545,D:\Preet\Others\Projects\sem5project\Cartify\Cartify\ml-service\cnn\..\data\images\5545.jpg
166,D:\Preet\Others\Projects\sem5project\Cartify\Cartify\ml-service\cnn\..\data\images\166.jpg
5469,D:\Preet\Others\Projects\sem5project\Cartify\Cartify\ml-service\cnn\..\data\images\5469.jpg
5445,D:\Preet\Others\Projects\sem5project\Cartify\Cartify\ml-service\cnn\..\data\images\5445.jpg
5419,D:\Preet\Others\Projects\sem5project\Cartify\Cartify\ml-service\cnn\..\data\images\5419.jpg
5364,D:\Preet\Others\Projects\sem5project\Cartify\Cartify\ml-service\cnn\..\data\images\5364.jpg
11779,D:\Preet\Others\Projects\sem5project\Cartify\Cartify\ml-service\cnn\..\data\images\11779.jpg
5245,D:\Preet\Others\Projects\sem5project\Cartify\Cartify\ml-service\cnn\..\data\images\5245.jpg
5244,D:\Preet\Others\Projects\sem5project\Cartify\Cartify\ml-service\cnn\..\data\images\5244.jpg
5227,D:\Preet\Others\Projects\sem5project\Cartify\Cartify\ml-service\cnn\..\data\images\5227.jpg
5216,D:\Preet\Others\Projects\sem5project\Cartify\Cartify\ml-service\cnn\..\data\images\5216.jpg
5209,D:\Preet\Others\Projects\sem5project\Cartify\Cartify\ml-service\cnn\..\data\images\5209.jpg
5150,D:\Preet\Others\Projects\sem5project\Cartify\Cartify\ml-service\cnn\..\data\images\5150.jpg
5130,D:\Preet\Others\Projects\sem5project\Cartify\Cartify\ml-service\cnn\..\data\images\5130.jpg
5103,D:\Preet\Others\Projects\sem5project\Cartify\Cartify\ml-service\cnn\..\data\images\5103.jpg
5098,D:\Preet\Others\Projects\sem5project\Cartify\Cartify\ml-service\cnn\..\data\images\5098.jpg
5088,D:\Preet\Others\Projects\sem5project\Cartify\Cartify\ml-service\cnn\..\data\images\5088.jpg
5065,D:\Preet\Others\Projects\sem5project\Cartify\Cartify\ml-service\cnn\..\data\images\5065.jpg
5049,D:\Preet\Others\Projects\sem5project\Cartify\Cartify\ml-service\cnn\..\data\images\5049.jpg
4923,D:\Preet\Others\Projects\sem5project\Cartify\Cartify\ml-service\cnn\..\data\images\4923.jpg
4874,D:\Preet\Others\Projects\sem5project\Cartify\Cartify\ml-service\cnn\..\data\images\4874.jpg
4812,D:\Preet\Others\Projects\sem5project\Cartify\Cartify\ml-service\cnn\..\data\images\4812.jpg
4805,D:\Preet\Others\Projects\sem5project\Cartify\Cartify\ml-service\cnn\..\data\images\4805.jpg
11694,D:\Preet\Others\Projects\sem5project\Cartify\Cartify\ml-service\cnn\..\data\images\11694.jpg
4803,D:\Preet\Others\Projects\sem5project\Cartify\Cartify\ml-service\cnn\..\data\images\4803.jpg
4798,D:\Preet\Others\Projects\sem5project\Cartify\Cartify\ml-service\cnn\..\data\images\4798.jpg
4797,D:\Preet\Others\Projects\sem5project\Cartify\Cartify\ml-service\cnn\..\data\images\4797.jpg
4745,D:\Preet\Others\Projects\sem5project\Cartify\Cartify\ml-service\cnn\..\data\images\4745.jpg
4744,D:\Preet\Others\Projects\sem5project\Cartify\Cartify\ml-service\cnn\..\data\images\4744.jpg
4741,D:\Preet\Others\Projects\sem5project\Cartify\Cartify\ml-service\cnn\..\data\images\4741.jpg
4705,D:\Preet\Others\Projects\sem5project\Cartify\Cartify\ml-service\cnn\..\data\images\4705.jpg
4649,D:\Preet\Others\Projects\sem5project\Cartify\Cartify\ml-service\cnn\..\data\images\4649.jpg
4631,D:\Preet\Others\Projects\sem5project\Cartify\Cartify\ml-service\cnn\..\data\images\4631.jpg
4612,D:\Preet\Others\Projects\sem5project\Cartify\Cartify\ml-service\cnn\..\data\images\4612.jpg
4588,D:\Preet\Others\Projects\sem5project\Cartify\Cartify\ml-service\cnn\..\data\images\4588.jpg
4559,D:\Preet\Others\Projects\sem5project\Cartify\Cartify\ml-service\cnn\..\data\images\4559.jpg
4303,D:\Preet\Others\Projects\sem5project\Cartify\Cartify\ml-service\cnn\..\data\images\4303.jpg
109,D:\Preet\Others\Projects\sem5project\Cartify\Cartify\ml-service\cnn\..\data\images\109.jpg
4048,D:\Preet\Others\Projects\sem5project\Cartify\Cartify\ml-service\cnn\..\data\images\4048.jpg
3993,D:\Preet\Others\Projects\sem5project\Cartify\Cartify\ml-service\cnn\..\data\images\3993.jpg
3955,D:\Preet\Others\Projects\sem5project\Cartify\Cartify\ml-service\cnn\..\data\images\3955.jpg
3923,D:\Preet\Others\Projects\sem5project\Cartify\Cartify\ml-service\cnn\..\data\images\3923.jpg
3729,D:\Preet\Others\Projects\sem5project\Cartify\Cartify\ml-service\cnn\..\data\images\3729.jpg
9926,D:\Preet\Others\Projects\sem5project\Cartify\Cartify\ml-service\cnn\..\data\images\9926.jpg
2996,D:\Preet\Others\Projects\sem5project\Cartify\Cartify\ml-service\cnn\..\data\images\2996.jpg
2975,D:\Preet\Others\Projects\sem5project\Cartify\Cartify\ml-service\cnn\..\data\images\2975.jpg
2969,D:\Preet\Others\Projects\sem5project\Cartify\Cartify\ml-service\cnn\..\data\images\2969.jpg
2951,D:\Preet\Others\Projects\sem5project\Cartify\Cartify\ml-service\cnn\..\data\images\2951.jpg
2901,D:\Preet\Others\Projects\sem5project\Cartify\Cartify\ml-service\cnn\..\data\images\2901.jpg
2895,D:\Preet\Others\Projects\sem5project\Cartify\Cartify\ml-service\cnn\..\data\images\2895.jpg
2868,D:\Preet\Others\Projects\sem5project\Cartify\Cartify\ml-service\cnn\..\data\images\2868.jpg
2846,D:\Preet\Others\Projects\sem5project\Cartify\Cartify\ml-service\cnn\..\data\images\2846.jpg
2813,D:\Preet\Others\Projects\sem5project\Cartify\Cartify\ml-service\cnn\..\data\images\2813.jpg
2539,D:\Preet\Others\Projects\sem5project\Cartify\Cartify\ml-service\cnn\..\data\images\2539.jpg
2518,D:\Preet\Others\Projects\sem5project\Cartify\Cartify\ml-service\cnn\..\data\images\2518.jpg
2506,D:\Preet\Others\Projects\sem5project\Cartify\Cartify\ml-service\cnn\..\data\images\2506.jpg
2474,D:\Preet\Others\Projects\sem5project\Cartify\Cartify\ml-service\cnn\..\data\images\2474.jpg
2350,D:\Preet\Others\Projects\sem5project\Cartify\Cartify\ml-service\cnn\..\data\images\2350.jpg
6303,D:\Preet\Others\Projects\sem5project\Cartify\Cartify\ml-service\cnn\..\data\images\6303.jpg
2110,D:\Preet\Others\Projects\sem5project\Cartify\Cartify\ml-service\cnn\..\data\images\2110.jpg
17925,D:\Preet\Others\Projects\sem5project\Cartify\Cartify\ml-service\cnn\..\data\images\17925.jpg
12797,D:\Preet\Others\Projects\sem5project\Cartify\Cartify\ml-service\cnn\..\data\images\12797.jpg
17567,D:\Preet\Others\Projects\sem5project\Cartify\Cartify\ml-service\cnn\..\data\images\17567.jpg
7858,D:\Preet\Others\Projects\sem5project\Cartify\Cartify\ml-service\cnn\..\data\images\7858.jpg
11243,D:\Preet\Others\Projects\sem5project\Cartify\Cartify\ml-service\cnn\..\data\images\11243.jpg
15539,D:\Preet\Others\Projects\sem5project\Cartify\Cartify\ml-service\cnn\..\data\images\15539.jpg
14054,D:\Preet\Others\Projects\sem5project\Cartify\Cartify\ml-service\cnn\..\data\images\14054.jpg
2244,D:\Preet\Others\Projects\sem5project\Cartify\Cartify\ml-service\cnn\..\data\images\2244.jpg
6533,D:\Preet\Others\Projects\sem5project\Cartify\Cartify\ml-service\cnn\..\data\images\6533.jpg
13289,D:\Preet\Others\Projects\sem5project\Cartify\Cartify\ml-service\cnn\..\data\images\13289.jpg
13188,D:\Preet\Others\Projects\sem5project\Cartify\Cartify\ml-service\cnn\..\data\images\13188.jpg
10615,D:\Preet\Others\Projects\sem5project\Cartify\Cartify\ml-service\cnn\..\data\images\10615.jpg
1960,D:\Preet\Others\Projects\sem5project\Cartify\Cartify\ml-service\cnn\..\data\images\1960.jpg
2894,D:\Preet\Others\Projects\sem5project\Cartify\Cartify\ml-service\cnn\..\data\images\2894.jpg
16180,D:\Preet\Others\Projects\sem5project\Cartify\Cartify\ml-service\cnn\..\data\images\16180.jpg
13580,D:\Preet\Others\Projects\sem5project\Cartify\Cartify\ml-service\cnn\..\data\images\13580.jpg
7231,D:\Preet\Others\Projects\sem5project\Cartify\Cartify\ml-service\cnn\..\data\images\7231.jpg
3919,D:\Preet\Others\Projects\sem5project\Cartify\Cartify\ml-service\cnn\..\data\images\3919.jpg
2469,D:\Preet\Others\Projects\sem5project\Cartify\Cartify\ml-service\cnn\..\data\images\2469.jpg
6512,D:\Preet\Others\Projects\sem5project\Cartify\Cartify\ml-service\cnn\..\data\images\6512.jpg
5830,D:\Preet\Others\Projects\sem5project\Cartify\Cartify\ml-service\cnn\..\data\images\5830.jpg
12913,D:\Preet\Others\Projects\sem5project\Cartify\Cartify\ml-service\cnn\..\data\images\12913.jpg
4967,D:\Preet\Others\Projects\sem5project\Cartify\Cartify\ml-service\cnn\..\data\images\4967.jpg
15649,D:\Preet\Others\Projects\sem5project\Cartify\Cartify\ml-service\cnn\..\data\images\15649.jpg
4306,D:\Preet\Others\Projects\sem5project\Cartify\Cartify\ml-service\cnn\..\data\images\4306.jpg
5960,D:\Preet\Others\Projects\sem5project\Cartify\Cartify\ml-service\cnn\..\data\images\5960.jpg
17422,D:\Preet\Others\Projects\sem5project\Cartify\Cartify\ml-service\cnn\..\data\images\17422.jpg
17917,D:\Preet\Others\Projects\sem5project\Cartify\Cartify\ml-service\cnn\..\data\images\17917.jpg
17929,D:\Preet\Others\Projects\sem5project\Cartify\Cartify\ml-service\cnn\..\data\images\17929.jpg
15840,D:\Preet\Others\Projects\sem5project\Cartify\Cartify\ml-service\cnn\..\data\images\15840.jpg
17926,D:\Preet\Others\Projects\sem5project\Cartify\Cartify\ml-service\cnn\..\data\images\17926.jpg
11167,D:\Preet\Others\Projects\sem5project\Cartify\Cartify\ml-service\cnn\..\data\images\11167.jpg
10972,D:\Preet\Others\Projects\sem5project\Cartify\Cartify\ml-service\cnn\..\data\images\10972.jpg
8590,D:\Preet\Others\Projects\sem5project\Cartify\Cartify\ml-service\cnn\..\data\images\8590.jpg
12851,D:\Preet\Others\Projects\sem5project\Cartify\Cartify\ml-service\cnn\..\data\images\12851.jpg
3914,D:\Preet\Others\Projects\sem5project\Cartify\Cartify\ml-service\cnn\..\data\images\3914.jpg
4105,D:\Preet\Others\Projects\sem5project\Cartify\Cartify\ml-service\cnn\..\data\images\4105.jpg
3924,D:\Preet\Others\Projects\sem5project\Cartify\Cartify\ml-service\cnn\..\data\images\3924.jpg
6089,D:\Preet\Others\Projects\sem5project\Cartify\Cartify\ml-service\cnn\..\data\images\6089.jpg
10535,D:\Preet\Others\Projects\sem5project\Cartify\Cartify\ml-service\cnn\..\data\images\10535.jpg
3869,D:\Preet\Others\Projects\sem5project\Cartify\Cartify\ml-service\cnn\..\data\images\3869.jpg
12638,D:\Preet\Others\Projects\sem5project\Cartify\Cartify\ml-service\cnn\..\data\images\12638.jpg
7963,D:\Preet\Others\Projects\sem5project\Cartify\Cartify\ml-service\cnn\..\data\images\7963.jpg
7894,D:\Preet\Others\Projects\sem5project\Cartify\Cartify\ml-service\cnn\..\data\images\7894.jpg
1767,D:\Preet\Others\Projects\sem5project\Cartify\Cartify\ml-service\cnn\..\data\images\1767.jpg
6117,D:\Preet\Others\Projects\sem5project\Cartify\Cartify\ml-service\cnn\..\data\images\6117.jpg
7847,D:\Preet\Others\Projects\sem5project\Cartify\Cartify\ml-service\cnn\..\data\images\7847.jpg
12293,D:\Preet\Others\Projects\sem5project\Cartify\Cartify\ml-service\cnn\..\data\images\12293.jpg
7730,D:\Preet\Others\Projects\sem5project\Cartify\Cartify\ml-service\cnn\..\data\images\7730.jpg
7660,D:\Preet\Others\Projects\sem5project\Cartify\Cartify\ml-service\cnn\..\data\images\7660.jpg
17555,D:\Preet\Others\Projects\sem5project\Cartify\Cartify\ml-service\cnn\..\data\images\17555.jpg
17737,D:\Preet\Others\Projects\sem5project\Cartify\Cartify\ml-service\cnn\..\data\images\17737.jpg
1731,D:\Preet\Others\Projects\sem5project\Cartify\Cartify\ml-service\cnn\..\data\images\1731.jpg
3927,D:\Preet\Others\Projects\sem5project\Cartify\Cartify\ml-service\cnn\..\data\images\3927.jpg
13550,D:\Preet\Others\Projects\sem5project\Cartify\Cartify\ml-service\cnn\..\data\images\13550.jpg
14379,D:\Preet\Others\Projects\sem5project\Cartify\Cartify\ml-service\cnn\..\data\images\14379.jpg
10166,D:\Preet\Others\Projects\sem5project\Cartify\Cartify\ml-service\cnn\..\data\images\10166.jpg
14243,D:\Preet\Others\Projects\sem5project\Cartify\Cartify\ml-service\cnn\..\data\images\14243.jpg
16121,D:\Preet\Others\Projects\sem5project\Cartify\Cartify\ml-service\cnn\..\data\images\16121.jpg
13018,D:\Preet\Others\Projects\sem5project\Cartify\Cartify\ml-service\cnn\..\data\images\13018.jpg
14714,D:\Preet\Others\Projects\sem5project\Cartify\Cartify\ml-service\cnn\..\data\images\14714.jpg
1452,D:\Preet\Others\Projects\sem5project\Cartify\Cartify\ml-service\cnn\..\data\images\1452.jpg
15965,D:\Preet\Others\Projects\sem5project\Cartify\Cartify\ml-service\cnn\..\data\images\15965.jpg
1445,D:\Preet\Others\Projects\sem5project\Cartify\Cartify\ml-service\cnn\..\data\images\1445.jpg
8053,D:\Preet\Others\Projects\sem5project\Cartify\Cartify\ml-service\cnn\..\data\images\8053.jpg
6363,D:\Preet\Others\Projects\sem5project\Cartify\Cartify\ml-service\cnn\..\data\images\6363.jpg
11272,D:\Preet\Others\Projects\sem5project\Cartify\Cartify\ml-service\cnn\..\data\images\11272.jpg
14556,D:\Preet\Others\Projects\sem5project\Cartify\Cartify\ml-service\cnn\..\data\images\14556.jpg
17295,D:\Preet\Others\Projects\sem5project\Cartify\Cartify\ml-service\cnn\..\data\images\17295.jpg
14910,D:\Preet\Others\Projects\sem5project\Cartify\Cartify\ml-service\cnn\..\data\images\14910.jpg
4417,D:\Preet\Others\Projects\sem5project\Cartify\Cartify\ml-service\cnn\..\data\images\4417.jpg
15201,D:\Preet\Others\Projects\sem5project\Cartify\Cartify\ml-service\cnn\..\data\images\15201.jpg
12847,D:\Preet\Others\Projects\sem5project\Cartify\Cartify\ml-service\cnn\..\data\images\12847.jpg
14289,D:\Preet\Others\Projects\sem5project\Cartify\Cartify\ml-service\cnn\..\data\images\14289.jpg
15304,D:\Preet\Others\Projects\sem5project\Cartify\Cartify\ml-service\cnn\..\data\images\15304.jpg
15310,D:\Preet\Others\Projects\sem5project\Cartify\Cartify\ml-service\cnn\..\data\images\15310.jpg
16733,D:\Preet\Others\Projects\sem5project\Cartify\Cartify\ml-service\cnn\..\data\images\16733.jpg
15379,D:\Preet\Others\Projects\sem5project\Cartify\Cartify\ml-service\cnn\..\data\images\15379.jpg
17671,D:\Preet\Others\Projects\sem5project\Cartify\Cartify\ml-service\cnn\..\data\images\17671.jpg
16470,D:\Preet\Others\Projects\sem5project\Cartify\Cartify\ml-service\cnn\..\data\images\16470.jpg
17074,D:\Preet\Others\Projects\sem5project\Cartify\Cartify\ml-service\cnn\..\data\images\17074.jpg
15579,D:\Preet\Others\Projects\sem5project\Cartify\Cartify\ml-service\cnn\..\data\images\15579.jpg
1413,D:\Preet\Others\Projects\sem5project\Cartify\Cartify\ml-service\cnn\..\data\images\1413.jpg
5552,D:\Preet\Others\Projects\sem5project\Cartify\Cartify\ml-service\cnn\..\data\images\5552.jpg
12719,D:\Preet\Others\Projects\sem5project\Cartify\Cartify\ml-service\cnn\..\data\images\12719.jpg
11210,D:\Preet\Others\Projects\sem5project\Cartify\Cartify\ml-service\cnn\..\data\images\11210.jpg
11110,D:\Preet\Others\Projects\sem5project\Cartify\Cartify\ml-service\cnn\..\data\images\11110.jpg
4633,D:\Preet\Others\Projects\sem5project\Cartify\Cartify\ml-service\cnn\..\data\images\4633.jpg
15385,D:\Preet\Others\Projects\sem5project\Cartify\Cartify\ml-service\cnn\..\data\images\15385.jpg
15766,D:\Preet\Others\Projects\sem5project\Cartify\Cartify\ml-service\cnn\..\data\images\15766.jpg
5029,D:\Preet\Others\Projects\sem5project\Cartify\Cartify\ml-service\cnn\..\data\images\5029.jpg
6299,D:\Preet\Others\Projects\sem5project\Cartify\Cartify\ml-service\cnn\..\data\images\6299.jpg
11929,D:\Preet\Others\Projects\sem5project\Cartify\Cartify\ml-service\cnn\..\data\images\11929.jpg
9084,D:\Preet\Others\Projects\sem5project\Cartify\Cartify\ml-service\cnn\..\data\images\9084.jpg
7824,D:\Preet\Others\Projects\sem5project\Cartify\Cartify\ml-service\cnn\..\data\images\7824.jpg
15571,D:\Preet\Others\Projects\sem5project\Cartify\Cartify\ml-service\cnn\..\data\images\15571.jpg
16649,D:\Preet\Others\Projects\sem5project\Cartify\Cartify\ml-service\cnn\..\data\images\16649.jpg
4988,D:\Preet\Others\Projects\sem5project\Cartify\Cartify\ml-service\cnn\..\data\images\4988.jpg
273,D:\Preet\Others\Projects\sem5project\Cartify\Cartify\ml-service\cnn\..\data\images\273.jpg
339,D:\Preet\Others\Projects\sem5project\Cartify\Cartify\ml-service\cnn\..\data\images\339.jpg
443,D:\Preet\Others\Projects\sem5project\Cartify\Cartify\ml-service\cnn\..\data\images\443.jpg
6965,D:\Preet\Others\Projects\sem5project\Cartify\Cartify\ml-service\cnn\..\data\images\6965.jpg
11775,D:\Preet\Others\Projects\sem5project\Cartify\Cartify\ml-service\cnn\..\data\images\11775.jpg
13007,D:\Preet\Others\Projects\sem5project\Cartify\Cartify\ml-service\cnn\..\data\images\13007.jpg
11560,D:\Preet\Others\Projects\sem5project\Cartify\Cartify\ml-service\cnn\..\data\images\11560.jpg
3129,D:\Preet\Others\Projects\sem5project\Cartify\Cartify\ml-service\cnn\..\data\images\3129.jpg
7242,D:\Preet\Others\Projects\sem5project\Cartify\Cartify\ml-service\cnn\..\data\images\7242.jpg
10591,D:\Preet\Others\Projects\sem5project\Cartify\Cartify\ml-service\cnn\..\data\images\10591.jpg
3877,D:\Preet\Others\Projects\sem5project\Cartify\Cartify\ml-service\cnn\..\data\images\3877.jpg
2850,D:\Preet\Others\Projects\sem5project\Cartify\Cartify\ml-service\cnn\..\data\images\2850.jpg
7129,D:\Preet\Others\Projects\sem5project\Cartify\Cartify\ml-service\cnn\..\data\images\7129.jpg
14722,D:\Preet\Others\Projects\sem5project\Cartify\Cartify\ml-service\cnn\..\data\images\14722.jpg
16297,D:\Preet\Others\Projects\sem5project\Cartify\Cartify\ml-service\cnn\..\data\images\16297.jpg
16426,D:\Preet\Others\Projects\sem5project\Cartify\Cartify\ml-service\cnn\..\data\images\16426.jpg
14748,D:\Preet\Others\Projects\sem5project\Cartify\Cartify\ml-service\cnn\..\data\images\14748.jpg
5309,D:\Preet\Others\Projects\sem5project\Cartify\Cartify\ml-service\cnn\..\data\images\5309.jpg
5159,D:\Preet\Others\Projects\sem5project\Cartify\Cartify\ml-service\cnn\..\data\images\5159.jpg
16892,D:\Preet\Others\Projects\sem5project\Cartify\Cartify\ml-service\cnn\..\data\images\16892.jpg
9483,D:\Preet\Others\Projects\sem5project\Cartify\Cartify\ml-service\cnn\..\data\images\9483.jpg
11631,D:\Preet\Others\Projects\sem5project\Cartify\Cartify\ml-service\cnn\..\data\images\11631.jpg
1224,D:\Preet\Others\Projects\sem5project\Cartify\Cartify\ml-service\cnn\..\data\images\1224.jpg
1213,D:\Preet\Others\Projects\sem5project\Cartify\Cartify\ml-service\cnn\..\data\images\1213.jpg
16596,D:\Preet\Others\Projects\sem5project\Cartify\Cartify\ml-service\cnn\..\data\images\16596.jpg
15962,D:\Preet\Others\Projects\sem5project\Cartify\Cartify\ml-service\cnn\..\data\images\15962.jpg
16750,D:\Preet\Others\Projects\sem5project\Cartify\Cartify\ml-service\cnn\..\data\images\16750.jpg
5215,D:\Preet\Others\Projects\sem5project\Cartify\Cartify\ml-service\cnn\..\data\images\5215.jpg
701,D:\Preet\Others\Projects\sem5project\Cartify\Cartify\ml-service\cnn\..\data\images\701.jpg
14689,D:\Preet\Others\Projects\sem5project\Cartify\Cartify\ml-service\cnn\..\data\images\14689.jpg
16570,D:\Preet\Others\Projects\sem5project\Cartify\Cartify\ml-service\cnn\..\data\images\16570.jpg
14422,D:\Preet\Others\Projects\sem5project\Cartify\Cartify\ml-service\cnn\..\data\images\14422.jpg
17927,D:\Preet\Others\Projects\sem5project\Cartify\Cartify\ml-service\cnn\..\data\images\17927.jpg
17919,D:\Preet\Others\Projects\sem5project\Cartify\Cartify\ml-service\cnn\..\data\images\17919.jpg
17918,D:\Preet\Others\Projects\sem5project\Cartify\Cartify\ml-service\cnn\..\data\images\17918.jpg
17930,D:\Preet\Others\Projects\sem5project\Cartify\Cartify\ml-service\cnn\..\data\images\17930.jpg
12821,D:\Preet\Others\Projects\sem5project\Cartify\Cartify\ml-service\cnn\..\data\images\12821.jpg
17875,D:\Preet\Others\Projects\sem5project\Cartify\Cartify\ml-service\cnn\..\data\images\17875.jpg
17820,D:\Preet\Others\Projects\sem5project\Cartify\Cartify\ml-service\cnn\..\data\images\17820.jpg
3779,D:\Preet\Others\Projects\sem5project\Cartify\Cartify\ml-service\cnn\..\data\images\3779.jpg
3781,D:\Preet\Others\Projects\sem5project\Cartify\Cartify\ml-service\cnn\..\data\images\3781.jpg
3798,D:\Preet\Others\Projects\sem5project\Cartify\Cartify\ml-service\cnn\..\data\images\3798.jpg
3819,D:\Preet\Others\Projects\sem5project\Cartify\Cartify\ml-service\cnn\..\data\images\3819.jpg
12573,D:\Preet\Others\Projects\sem5project\Cartify\Cartify\ml-service\cnn\..\data\images\12573.jpg
10715,D:\Preet\Others\Projects\sem5project\Cartify\Cartify\ml-service\cnn\..\data\images\10715.jpg
7157,D:\Preet\Others\Projects\sem5project\Cartify\Cartify\ml-service\cnn\..\data\images\7157.jpg
7004,D:\Preet\Others\Projects\sem5project\Cartify\Cartify\ml-service\cnn\..\data\images\7004.jpg
3731,D:\Preet\Others\Projects\sem5project\Cartify\Cartify\ml-service\cnn\..\data\images\3731.jpg
6994,D:\Preet\Others\Projects\sem5project\Cartify\Cartify\ml-service\cnn\..\data\images\6994.jpg
10820,D:\Preet\Others\Projects\sem5project\Cartify\Cartify\ml-service\cnn\..\data\images\10820.jpg
6938,D:\Preet\Others\Projects\sem5project\Cartify\Cartify\ml-service\cnn\..\data\images\6938.jpg
8489,D:\Preet\Others\Projects\sem5project\Cartify\Cartify\ml-service\cnn\..\data\images\8489.jpg
4000,D:\Preet\Others\Projects\sem5project\Cartify\Cartify\ml-service\cnn\..\data\images\4000.jpg
12550,D:\Preet\Others\Projects\sem5project\Cartify\Cartify\ml-service\cnn\..\data\images\12550.jpg
10785,D:\Preet\Others\Projects\sem5project\Cartify\Cartify\ml-service\cnn\..\data\images\10785.jpg
5045,D:\Preet\Others\Projects\sem5project\Cartify\Cartify\ml-service\cnn\..\data\images\5045.jpg
16247,D:\Preet\Others\Projects\sem5project\Cartify\Cartify\ml-service\cnn\..\data\images\16247.jpg
7040,D:\Preet\Others\Projects\sem5project\Cartify\Cartify\ml-service\cnn\..\data\images\7040.jpg
6956,D:\Preet\Others\Projects\sem5project\Cartify\Cartify\ml-service\cnn\..\data\images\6956.jpg
11070,D:\Preet\Others\Projects\sem5project\Cartify\Cartify\ml-service\cnn\..\data\images\11070.jpg
7160,D:\Preet\Others\Projects\sem5project\Cartify\Cartify\ml-service\cnn\..\data\images\7160.jpg
7103,D:\Preet\Others\Projects\sem5project\Cartify\Cartify\ml-service\cnn\..\data\images\7103.jpg
3828,D:\Preet\Others\Projects\sem5project\Cartify\Cartify\ml-service\cnn\..\data\images\3828.jpg
17239,D:\Preet\Others\Projects\sem5project\Cartify\Cartify\ml-service\cnn\..\data\images\17239.jpg
8586,D:\Preet\Others\Projects\sem5project\Cartify\Cartify\ml-service\cnn\..\data\images\8586.jpg
3669,D:\Preet\Others\Projects\sem5project\Cartify\Cartify\ml-service\cnn\..\data\images\3669.jpg
7193,D:\Preet\Others\Projects\sem5project\Cartify\Cartify\ml-service\cnn\..\data\images\7193.jpg
7219,D:\Preet\Others\Projects\sem5project\Cartify\Cartify\ml-service\cnn\..\data\images\7219.jpg
4066,D:\Preet\Others\Projects\sem5project\Cartify\Cartify\ml-service\cnn\..\data\images\4066.jpg
11467,D:\Preet\Others\Projects\sem5project\Cartify\Cartify\ml-service\cnn\..\data\images\11467.jpg
7109,D:\Preet\Others\Projects\sem5project\Cartify\Cartify\ml-service\cnn\..\data\images\7109.jpg
7217,D:\Preet\Others\Projects\sem5project\Cartify\Cartify\ml-service\cnn\..\data\images\7217.jpg
7097,D:\Preet\Others\Projects\sem5project\Cartify\Cartify\ml-service\cnn\..\data\images\7097.jpg
7244,D:\Preet\Others\Projects\sem5project\Cartify\Cartify\ml-service\cnn\..\data\images\7244.jpg
15037,D:\Preet\Others\Projects\sem5project\Cartify\Cartify\ml-service\cnn\..\data\images\15037.jpg
7185,D:\Preet\Others\Projects\sem5project\Cartify\Cartify\ml-service\cnn\..\data\images\7185.jpg
7086,D:\Preet\Others\Projects\sem5project\Cartify\Cartify\ml-service\cnn\..\data\images\7086.jpg
7049,D:\Preet\Others\Projects\sem5project\Cartify\Cartify\ml-service\cnn\..\data\images\7049.jpg
7748,D:\Preet\Others\Projects\sem5project\Cartify\Cartify\ml-service\cnn\..\data\images\7748.jpg
17874,D:\Preet\Others\Projects\sem5project\Cartify\Cartify\ml-service\cnn\..\data\images\17874.jpg
5773,D:\Preet\Others\Projects\sem5project\Cartify\Cartify\ml-service\cnn\..\data\images\5773.jpg
8129,D:\Preet\Others\Projects\sem5project\Cartify\Cartify\ml-service\cnn\..\data\images\8129.jpg
6997,D:\Preet\Others\Projects\sem5project\Cartify\Cartify\ml-service\cnn\..\data\images\6997.jpg
6061,D:\Preet\Others\Projects\sem5project\Cartify\Cartify\ml-service\cnn\..\data\images\6061.jpg
7223,D:\Preet\Others\Projects\sem5project\Cartify\Cartify\ml-service\cnn\..\data\images\7223.jpg
2945,D:\Preet\Others\Projects\sem5project\Cartify\Cartify\ml-service\cnn\..\data\images\2945.jpg
12031,D:\Preet\Others\Projects\sem5project\Cartify\Cartify\ml-service\cnn\..\data\images\12031.jpg
6891,D:\Preet\Others\Projects\sem5project\Cartify\Cartify\ml-service\cnn\..\data\images\6891.jpg
7164,D:\Preet\Others\Projects\sem5project\Cartify\Cartify\ml-service\cnn\..\data\images\7164.jpg
3547,D:\Preet\Others\Projects\sem5project\Cartify\Cartify\ml-service\cnn\..\data\images\3547.jpg
2204,D:\Preet\Others\Projects\sem5project\Cartify\Cartify\ml-service\cnn\..\data\images\2204.jpg
17360,D:\Preet\Others\Projects\sem5project\Cartify\Cartify\ml-service\cnn\..\data\images\17360.jpg
13157,D:\Preet\Others\Projects\sem5project\Cartify\Cartify\ml-service\cnn\..\data\images\13157.jpg
15351,D:\Preet\Others\Projects\sem5project\Cartify\Cartify\ml-service\cnn\..\data\images\15351.jpg
13166,D:\Preet\Others\Projects\sem5project\Cartify\Cartify\ml-service\cnn\..\data\images\13166.jpg
4189,D:\Preet\Others\Projects\sem5project\Cartify\Cartify\ml-service\cnn\..\data\images\4189.jpg
14189,D:\Preet\Others\Projects\sem5project\Cartify\Cartify\ml-service\cnn\..\data\images\14189.jpg
6909,D:\Preet\Others\Projects\sem5project\Cartify\Cartify\ml-service\cnn\..\data\images\6909.jpg
7134,D:\Preet\Others\Projects\sem5project\Cartify\Cartify\ml-service\cnn\..\data\images\7134.jpg
8063,D:\Preet\Others\Projects\sem5project\Cartify\Cartify\ml-service\cnn\..\data\images\8063.jpg
11126,D:\Preet\Others\Projects\sem5project\Cartify\Cartify\ml-service\cnn\..\data\images\11126.jpg
16444,D:\Preet\Others\Projects\sem5project\Cartify\Cartify\ml-service\cnn\..\data\images\16444.jpg
2450,D:\Preet\Others\Projects\sem5project\Cartify\Cartify\ml-service\cnn\..\data\images\2450.jpg
867,D:\Preet\Others\Projects\sem5project\Cartify\Cartify\ml-service\cnn\..\data\images\867.jpg
16122,D:\Preet\Others\Projects\sem5project\Cartify\Cartify\ml-service\cnn\..\data\images\16122.jpg
12790,D:\Preet\Others\Projects\sem5project\Cartify\Cartify\ml-service\cnn\..\data\images\12790.jpg
4192,D:\Preet\Others\Projects\sem5project\Cartify\Cartify\ml-service\cnn\..\data\images\4192.jpg
16223,D:\Preet\Others\Projects\sem5project\Cartify\Cartify\ml-service\cnn\..\data\images\16223.jpg
10663,D:\Preet\Others\Projects\sem5project\Cartify\Cartify\ml-service\cnn\..\data\images\10663.jpg
9422,D:\Preet\Others\Projects\sem5project\Cartify\Cartify\ml-service\cnn\..\data\images\9422.jpg
12694,D:\Preet\Others\Projects\sem5project\Cartify\Cartify\ml-service\cnn\..\data\images\12694.jpg
5622,D:\Preet\Others\Projects\sem5project\Cartify\Cartify\ml-service\cnn\..\data\images\5622.jpg
5171,D:\Preet\Others\Projects\sem5project\Cartify\Cartify\ml-service\cnn\..\data\images\5171.jpg
7726,D:\Preet\Others\Projects\sem5project\Cartify\Cartify\ml-service\cnn\..\data\images\7726.jpg
2093,D:\Preet\Others\Projects\sem5project\Cartify\Cartify\ml-service\cnn\..\data\images\2093.jpg
15650,D:\Preet\Others\Projects\sem5project\Cartify\Cartify\ml-service\cnn\..\data\images\15650.jpg
14297,D:\Preet\Others\Projects\sem5project\Cartify\Cartify\ml-service\cnn\..\data\images\14297.jpg
2861,D:\Preet\Others\Projects\sem5project\Cartify\Cartify\ml-service\cnn\..\data\images\2861.jpg
15568,D:\Preet\Others\Projects\sem5project\Cartify\Cartify\ml-service\cnn\..\data\images\15568.jpg
13473,D:\Preet\Others\Projects\sem5project\Cartify\Cartify\ml-service\cnn\..\data\images\13473.jpg
16792,D:\Preet\Others\Projects\sem5project\Cartify\Cartify\ml-service\cnn\..\data\images\16792.jpg
11039,D:\Preet\Others\Projects\sem5project\Cartify\Cartify\ml-service\cnn\..\data\images\11039.jpg
6942,D:\Preet\Others\Projects\sem5project\Cartify\Cartify\ml-service\cnn\..\data\images\6942.jpg
15592,D:\Preet\Others\Projects\sem5project\Cartify\Cartify\ml-service\cnn\..\data\images\15592.jpg
6703,D:\Preet\Others\Projects\sem5project\Cartify\Cartify\ml-service\cnn\..\data\images\6703.jpg
15923,D:\Preet\Others\Projects\sem5project\Cartify\Cartify\ml-service\cnn\..\data\images\15923.jpg
4481,D:\Preet\Others\Projects\sem5project\Cartify\Cartify\ml-service\cnn\..\data\images\4481.jpg
15972,D:\Preet\Others\Projects\sem5project\Cartify\Cartify\ml-service\cnn\..\data\images\15972.jpg
15739,D:\Preet\Others\Projects\sem5project\Cartify\Cartify\ml-service\cnn\..\data\images\15739.jpg
6610,D:\Preet\Others\Projects\sem5project\Cartify\Cartify\ml-service\cnn\..\data\images\6610.jpg
12385,D:\Preet\Others\Projects\sem5project\Cartify\Cartify\ml-service\cnn\..\data\images\12385.jpg
5196,D:\Preet\Others\Projects\sem5project\Cartify\Cartify\ml-service\cnn\..\data\images\5196.jpg
12252,D:\Preet\Others\Projects\sem5project\Cartify\Cartify\ml-service\cnn\..\data\images\12252.jpg
175,D:\Preet\Others\Projects\sem5project\Cartify\Cartify\ml-service\cnn\..\data\images\175.jpg
8410,D:\Preet\Others\Projects\sem5project\Cartify\Cartify\ml-service\cnn\..\data\images\8410.jpg
5182,D:\Preet\Others\Projects\sem5project\Cartify\Cartify\ml-service\cnn\..\data\images\5182.jpg
14928,D:\Preet\Others\Projects\sem5project\Cartify\Cartify\ml-service\cnn\..\data\images\14928.jpg
9219,D:\Preet\Others\Projects\sem5project\Cartify\Cartify\ml-service\cnn\..\data\images\9219.jpg
2818,D:\Preet\Others\Projects\sem5project\Cartify\Cartify\ml-service\cnn\..\data\images\2818.jpg
14801,D:\Preet\Others\Projects\sem5project\Cartify\Cartify\ml-service\cnn\..\data\images\14801.jpg
7087,D:\Preet\Others\Projects\sem5project\Cartify\Cartify\ml-service\cnn\..\data\images\7087.jpg
